timestamp,emg1,emg2,emg3,emg4,emg5,emg6,emg7,emg8
6717608045,-2,-39,5,-20,11,-6,9,-4
6717608045,-9,-28,-7,-30,4,1,4,4
6717609118,-3,-25,-9,7,23,14,5,-2
6717609118,5,-16,8,11,-10,-4,-3,-2
6717609673,-6,-25,-1,7,-9,-7,0,-6
6717609673,7,-7,4,7,-5,-12,-9,-8
6717612579,-9,-21,-13,-13,-4,3,32,-8
6717612579,-2,5,-6,-8,13,-12,32,16
6717620416,3,7,12,-1,-15,21,4,-5
6717620416,-5,-24,-13,11,5,18,12,5
6717628354,12,19,2,-2,-5,-8,8,0
6717628354,-9,-21,-11,-3,9,-2,-12,-8
6717634618,-2,13,25,4,-7,-10,2,3
6717634618,0,4,-52,-33,-6,-2,-2,0
6717649690,0,2,-11,-20,-7,-8,-17,1
6717649690,-3,-7,33,1,-5,0,-5,0
6717658412,-6,-5,-17,14,13,-4,-14,0
6717658412,-7,13,22,-1,-10,-1,-7,-5
6717666094,2,12,3,4,1,-2,-5,2
6717666094,14,24,5,-13,-8,-3,-2,3
6717689136,-5,2,-16,-29,-3,-4,-2,-7
6717689136,5,14,21,27,-3,-5,-1,2
6717691508,-15,3,-3,-4,-9,-6,-8,-7
6717691508,-1,8,-6,10,-1,6,0,-2
6717728775,5,12,-2,-10,-5,-6,-4,2
6717728775,7,-2,20,22,13,5,14,0
6717729580,-2,-5,1,2,5,0,-6,-3
6717729580,4,10,8,3,-6,-22,-24,-1
6717732635,4,-9,4,0,3,18,18,9
6717732635,-14,-10,-16,-12,-2,0,-4,-2
6717733357,3,-10,6,-1,-4,14,-10,-3
6717733357,-5,-7,-1,1,3,-7,16,-3
6717740212,0,-9,2,7,3,3,10,-1
6717740212,10,11,3,3,0,-7,-12,3
6717746950,-2,6,6,10,10,1,6,-1
6717746950,1,-12,-10,-12,-6,3,-47,5
6717754474,-6,0,-4,-5,-6,-4,5,-4
6717754474,2,-3,-7,-3,-2,1,1,-2
6717769518,-5,-1,-7,-6,-8,-8,-9,2
6717769518,-3,-14,2,3,3,9,16,-6
6717777048,7,4,0,2,1,-12,-11,2
6717777048,-4,-3,0,-6,-6,8,-8,-1
6717785891,-2,-9,-6,-6,-3,-7,4,-3
6717785891,-3,-16,-8,-2,0,3,3,3
6717800207,-17,-10,1,0,0,0,2,-8
6717800207,3,-1,6,0,-5,-5,3,0
6717807057,4,-10,-9,-5,-2,-14,-5,-4
6717807057,-4,9,0,0,-1,12,-1,5
6717814510,5,-3,-6,3,2,-3,-10,-6
6717814510,-13,-7,-11,-7,-2,22,-21,-2
6717829505,14,18,8,-2,-2,-10,-3,-3
6717829505,-3,10,10,0,3,-2,26,3
6717836941,-10,-1,0,0,0,5,0,-4
6717836941,-3,5,-4,-1,-4,-17,-3,-6
6717845913,2,-1,4,-4,-5,-7,-3,-3
6717845913,2,3,-16,-5,-1,5,3,-1
6717860060,5,-9,-2,5,2,-5,-10,-2
6717860060,2,16,6,-1,-2,-14,19,4
6717867070,9,18,4,3,0,12,-3,16
6717867070,-9,-3,51,1,-4,2,0,-13
6717874528,-38,-33,-43,-25,-6,2,-10,-8
6717874528,18,56,-25,6,-6,1,7,-4
6717889574,11,71,46,21,12,-1,14,5
6717889574,-20,-14,2,-23,-4,3,-2,-11
6717897021,27,41,33,18,-5,-3,-9,10
6717897021,-35,-86,-58,-15,12,3,4,-9
6717905940,-27,-90,-23,-16,0,0,5,3
6717905940,51,107,88,59,0,0,-9,6
6717920003,-22,-35,-57,-60,18,2,3,-11
6717920003,-11,23,30,49,0,-4,34,8
6717927016,-15,-101,-34,-33,-5,3,-37,-13
6717927016,-15,35,-32,-31,-1,-10,-1,-13
6717934472,-4,22,-44,16,-11,-8,-7,3
6717934472,35,6,14,17,11,3,-6,5
6717949467,-15,82,5,15,-3,10,27,4
6717949467,1,-73,30,1,-9,-14,-9,11
6717956947,0,110,29,4,-12,-8,-16,-14
6717956947,-8,-84,-39,-28,-2,2,2,-3
6717971975,11,46,-12,-25,-7,0,1,4
6717971975,17,46,-2,25,17,4,-9,4
6717980209,-5,0,21,34,1,-3,23,3
6717980209,1,17,26,-14,-31,-9,-62,9
6717986988,-11,-48,-40,-36,2,-5,20,-12
6717986988,9,-16,-11,11,2,4,2,9
6717994488,3,-20,39,32,4,-1,-13,6
6717994488,-7,28,5,-49,-12,-6,-5,-11
6718009508,-11,-24,3,13,2,-6,-14,-9
6718009508,-7,-15,-18,-12,-7,-2,3,2
6718017056,29,7,3,13,-5,-1,18,5
6718017056,-7,-3,28,-4,2,-2,-44,-3
6718032041,-4,6,-5,19,2,13,15,1
6718032041,-14,-63,-24,-8,-10,-6,1,-7
6718040165,7,-42,18,-11,8,-1,-5,5
6718040165,-3,-10,0,3,-3,-3,8,-14
6718046963,20,-9,-14,-10,-8,-10,-26,2
6718046963,-9,8,-9,-3,-4,3,26,4
6718054486,-2,-18,-13,-8,3,12,-2,-5
6718054486,4,5,-9,6,15,3,38,10
6718069501,-4,14,33,19,-7,-11,-14,-12
6718069501,-3,-16,-16,-6,-4,0,-4,-10
6718076982,3,8,-2,8,11,9,38,6
6718076982,3,1,-9,-26,21,8,14,2
6718092023,-9,-24,-16,-15,-18,-7,-10,-3
6718092023,-21,-11,-29,-15,-12,8,17,-4
6718100205,7,4,2,6,10,7,-6,6
6718100205,13,27,24,26,12,1,-5,0
6718107031,-3,9,1,-5,-3,5,22,3
6718107031,2,23,-22,-8,-3,-6,-25,-3
6718114378,3,13,2,7,-14,-8,-1,1
6718114378,-10,7,-1,-7,-21,-5,3,-4
6718129506,9,16,1,14,8,-7,-4,-2
6718129506,4,-20,2,8,12,-4,-13,0
6718137064,-9,-29,-2,-25,-10,12,-13,-5
6718137064,5,-10,3,10,8,6,9,4
6718151957,-7,-8,1,2,-6,5,-8,-2
6718151957,9,17,5,-3,-3,-21,-12,-9
6718160158,-10,-10,-1,-8,6,2,28,-3
6718160158,-12,-19,-8,11,-3,0,15,3
6718166889,4,-11,-5,-3,-2,-7,-3,1
6718166889,7,3,4,5,13,14,7,4
6718174396,-3,-15,7,-2,-4,-1,30,3
6718174396,13,4,-14,-15,-16,-12,-6,-5
6718189467,-3,20,18,17,15,9,14,7
6718189467,-4,-6,-24,-14,-6,-6,-1,-8
6718196954,-5,-1,-6,-5,0,-8,-9,5
6718196954,1,-5,-6,0,-4,9,5,-3
6718211979,1,-8,5,-1,-1,-2,-19,-1
6718211979,-3,5,-7,-1,-3,-5,12,-3
6718220200,3,-6,-1,-5,-3,8,-9,-7
6718220200,-7,1,14,1,0,-10,-23,3
6718226895,6,12,5,5,0,-1,6,1
6718226895,-4,-8,7,2,3,6,6,1
6718234484,2,-2,45,4,-2,-4,-23,0
6718234484,-6,-1,-28,-2,-5,-4,-9,-6
6718249439,-5,-8,-61,-8,-3,0,-3,-6
6718249439,1,-16,1,-1,-1,-15,-20,7
6718256969,15,4,7,-4,-3,2,-22,2
6718256969,-2,-6,1,-4,-5,-8,3,-7
6718271957,0,5,24,6,3,10,3,2
6718271957,-20,-7,-5,-4,0,-18,1,-8
6718280184,-13,-7,-31,-4,-5,9,-16,-5
6718280184,-1,2,19,-1,2,1,4,0
6718286908,6,6,15,11,-1,-6,-2,0
6718286908,3,5,0,-11,1,6,-4,3
6718302545,-8,9,-1,-2,-7,-11,5,-6
6718302545,25,33,1,9,10,7,7,7
6718309461,-6,-55,-1,-5,-1,0,2,-3
6718309461,-16,9,-9,3,-5,3,4,-5
6718316985,5,5,1,-4,-2,-9,-4,2
6718316985,-11,11,-16,-12,-9,-5,3,-6
6718331962,3,6,-47,6,-3,-4,-10,-5
6718331962,23,-55,51,17,4,10,17,17
6718339914,-29,31,14,-25,5,0,-9,-12
6718339914,-1,-2,8,-14,-6,-9,-33,-6
6718348361,17,84,31,19,3,8,21,8
6718348361,-13,69,-24,-16,-1,1,-2,-6
6718362683,25,92,96,59,-3,-9,-11,7
6718362683,-54,-88,-81,-46,2,-11,-4,-20
6718369464,16,-40,-22,-20,-12,-4,-14,4
6718369464,19,71,61,19,9,1,2,2
6718376961,-31,-34,-15,-24,0,-4,12,-7
6718376961,-5,-31,12,13,-1,6,1,9
6718391983,-1,-20,17,7,-1,-3,2,-9
6718391983,-18,-78,-53,-8,-1,-2,6,-5
6718400163,9,-5,-15,7,-13,-12,-18,4
6718400163,1,-34,-16,2,8,4,7,-9
6718406988,-4,15,49,7,8,8,-2,6
6718406988,18,-4,9,-3,-7,-2,-15,4
6718422676,11,40,-48,-34,-2,-6,-7,-7
6718422676,-5,-40,-2,35,-7,1,14,8
6718429492,-10,50,18,6,17,0,-6,3
6718429492,-13,18,37,45,-11,0,3,-6
6718436963,4,-74,-44,-69,-18,-8,6,-2
6718436963,14,53,-14,2,13,8,21,6
6718451970,-27,-36,-40,0,11,1,15,-9
6718451970,23,17,13,5,7,8,8,8
6718460108,-13,-40,-30,13,-1,0,-9,-12
6718460108,21,47,53,16,-13,-20,3,3
6718474461,-9,-15,-8,-5,-16,16,-38,3
6718474461,-7,-40,-41,-40,-2,-4,7,-7
6718482682,20,-9,22,20,2,-1,14,7
6718482682,-3,-3,11,2,4,9,7,-1
6718489376,7,1,-8,2,1,-11,-18,-8
6718489376,4,-23,-11,-10,-5,12,23,9
6718496994,-18,-27,-11,-2,0,0,-3,-7
6718496994,7,31,-3,4,-5,-9,-17,8
6718511965,-13,-10,-3,-19,-11,-13,7,-12
6718511965,6,11,-16,-23,-6,0,-21,-3
6718520150,-2,-10,-16,10,2,-9,10,-1
6718520150,9,13,4,48,10,6,5,2
6718534383,0,11,2,-42,-4,-11,4,-3
6718534383,-17,0,-10,-8,-3,-2,-7,-7
6718542550,4,2,-10,1,-4,-3,-9,1
6718542550,0,20,19,-7,1,7,-3,3
6718549482,4,1,8,4,-13,-7,7,-1
6718549482,-1,3,-27,-9,-2,-5,-7,-1
6718556925,-2,14,10,15,9,6,13,6
6718556925,-1,-5,9,-1,10,12,0,-2
6718571806,0,-2,2,-4,-4,-4,16,5
6718571806,-7,-7,5,4,-8,-8,-24,-7
6718580184,5,3,-8,5,13,-3,6,0
6718580184,6,-3,12,-5,1,13,-3,7
6718594490,4,10,2,15,11,1,2,4
6718594490,5,5,-3,6,-6,-9,-7,0
6718602659,-5,-9,-5,-10,-8,-9,-12,-6
6718602659,-8,7,-7,-32,-22,-30,-4,-14
6718609366,0,11,18,17,8,28,2,5
6718609366,3,3,2,6,7,-3,-8,1
6718616933,-5,-6,-7,-3,-1,3,4,-2
6718616933,-1,-6,-2,-3,-6,-13,-4,-17
6718631985,-2,4,8,0,-1,6,49,11
6718631985,-16,-23,-12,-2,2,-1,5,-4
6718640915,0,-5,8,-11,-10,2,-7,-1
6718640915,3,4,21,6,2,-2,2,-3
6718654433,8,-9,-17,-11,-4,-6,-6,-2
6718654433,-7,-3,-4,-4,4,6,-3,-3
6718663340,-6,-2,-9,-6,-5,-8,7,-3
6718663340,-7,-10,0,-2,-2,-9,-7,4
6718669460,-3,-6,45,5,-1,7,-5,-8
6718669460,3,-1,-10,-4,-2,5,29,4
6718685924,7,4,-45,0,-4,-1,-12,1
6718685924,-3,-5,-9,-9,7,0,-6,3
6718691874,-3,-3,13,1,2,0,1,-2
6718691874,-1,9,0,7,0,-4,-4,-3
6718700911,-1,11,17,-2,2,3,-7,-4
6718700911,1,0,-11,-10,-7,2,9,5
6718714458,-2,-2,-30,-8,-13,-18,-20,-4
6718714458,-2,6,8,3,8,10,5,1
6718723319,3,-7,1,13,6,1,-16,4
6718723319,2,10,3,9,1,6,1,1
6718736979,-1,3,-5,-9,-2,-7,-4,-6
6718736979,0,-4,4,12,-5,-12,-31,3
6718745874,17,4,12,-10,2,8,8,1
6718745874,-16,-5,-9,-12,-2,8,-13,-6
6718751871,-28,7,-3,0,-7,-9,1,-2
6718751871,5,8,-15,11,8,3,4,-3
6718766885,-7,-45,-3,1,-4,-2,6,-1
6718766885,34,32,7,12,-3,2,-3,12
6718774435,0,36,-23,-3,-2,-7,-10,-10
6718774435,-46,-31,-3,-12,-3,0,2,-5
6718783336,23,20,3,-12,0,3,7,3
6718783336,7,1,-25,-31,-2,1,0,-2
6718796928,-7,19,57,19,-2,3,7,4
6718796928,5,49,-30,-42,3,-8,-13,-8
6718805856,16,-39,-43,24,-1,3,2,6
6718805856,-16,-10,39,16,17,8,8,0
6718811928,23,26,-9,-26,-16,-4,-2,4
6718811928,15,-59,11,32,2,-2,-4,1
6718820822,-41,-43,39,88,-1,-1,34,-3
6718820822,-4,75,-53,-80,-21,-12,-48,-12
6718834367,-4,-90,-8,13,1,0,-6,-7
6718834367,11,-31,36,-20,2,5,8,5
6718843345,34,10,5,1,4,3,-1,10
6718843345,8,-20,2,46,0,-3,5,1
6718856981,-40,-13,-19,-54,0,-1,-2,-4
6718856981,-6,5,3,21,-8,-5,-8,-4
6718865811,9,42,2,-6,5,-2,-7,-5
6718865811,-20,-25,10,12,-2,-2,7,-4
6718872063,20,17,-5,-5,0,2,-6,2
6718872063,4,4,-6,17,-11,-4,6,0
6718880938,4,59,33,47,-1,0,-7,2
6718880938,-7,-51,-35,-48,10,4,7,0
6718894441,4,-1,-4,23,3,1,-2,-2
6718894441,-15,-19,-12,-11,-2,-4,12,-1
6718903344,-8,25,2,-22,-9,1,-10,-3
6718903344,2,10,16,11,-5,-7,-7,-5
6718916831,9,-13,-18,4,2,-5,9,0
6718916831,8,29,16,9,-10,-2,-25,9
6718925767,-12,-23,-10,-43,10,1,-9,-7
6718925767,-2,-13,5,1,0,10,19,1
6718931883,8,-13,-2,3,7,0,2,9
6718931883,7,-2,1,12,1,6,0,-3
6718940830,-12,-13,-14,-28,-11,-6,-3,-2
6718940830,-10,-26,-13,25,-3,-2,0,-1
6718954483,-1,8,1,8,2,-5,-14,-4
6718954483,10,18,13,-1,-3,-4,8,-1
6718963314,-14,-19,-24,-14,9,-1,-6,-5
6718963314,1,8,7,2,-13,-12,-7,-4
6718976969,-4,-14,14,5,-2,-6,-3,-3
6718976969,-4,3,-12,10,-12,-4,3,-1
6718985782,-5,17,-2,-45,4,0,-11,-2
6718985782,2,9,2,20,7,0,3,0
6718991993,-5,5,-7,0,-7,-2,-3,-2
6718991993,-3,20,0,-4,3,0,-3,-3
6719000804,-4,21,-6,19,4,-3,-2,-2
6719000804,10,33,9,-3,-3,-7,-7,0
6719014346,0,2,-3,0,-7,-8,-5,-5
6719014346,2,3,-20,-30,-12,-11,-10,0
6719023297,-9,-15,7,-3,3,11,3,-3
6719023297,-18,-28,-6,-6,-3,0,-2,-4
6719036959,10,-11,-2,8,6,0,3,-7
6719036959,-13,-14,-2,-16,-5,-3,2,-1
6719045787,7,2,12,6,-7,-9,-4,4
6719045787,-3,-30,-2,14,10,16,7,0
6719051959,-3,4,-12,-14,-6,2,1,0
6719051959,1,-5,-6,-8,0,-8,1,-3
6719060806,-5,-1,2,1,2,1,7,-1
6719060806,2,3,14,7,1,2,-8,0
6719074940,3,-5,-7,1,8,1,-2,2
6719074940,7,-1,1,3,5,8,19,3
6719083275,-18,-17,-11,-17,-19,-14,-6,-4
6719083275,6,-6,7,11,9,5,6,2
6719096958,4,2,-4,1,1,1,1,0
6719096958,-13,-8,2,17,5,2,-11,-5
6719105810,-4,-4,-4,-3,3,1,6,-3
6719105810,2,9,3,-12,-12,-9,2,-1
6719111870,1,-2,-7,-3,1,4,8,4
6719111870,6,-12,7,5,8,5,8,1
6719120797,2,-9,-1,1,-5,-1,-8,0
6719120797,-4,3,0,0,-1,-2,1,-1
6719134368,0,6,3,5,2,3,12,7
6719134368,-10,2,-4,-3,5,2,-6,-3
6719143340,0,2,2,2,-1,-2,-1,-5
6719143340,0,4,-8,-7,-5,-5,-1,-1
6719156954,-1,6,6,2,-2,-3,-8,-3
6719156954,8,3,-8,-8,1,3,-1,5
6719165818,0,2,2,-4,-2,-5,-7,0
6719165818,-6,4,4,2,1,4,9,-6
6719171947,-6,-3,-9,-2,-3,0,-8,3
6719171947,0,9,1,-5,-1,-1,-3,-2
6719180917,7,10,5,0,-3,0,10,0
6719180917,1,2,2,-1,-2,-5,3,1
6719194470,-7,-1,2,4,1,3,1,-3
6719194470,-4,-4,-4,-3,-5,0,-3,-6
6719203360,9,-1,-10,-1,-2,-1,-8,-2
6719203360,-13,6,12,5,5,1,-4,2
6719216982,1,27,14,0,-2,-1,-3,1
6719216982,5,-1,6,2,-1,-2,-4,-1
6719225816,-12,-6,7,-8,1,-4,-3,-3
6719225816,21,-11,-14,-3,-4,-1,-6,4
6719231868,3,-12,-9,16,-6,-3,6,-7
6719231868,0,-13,13,4,9,6,1,6
6719240834,-8,-5,0,-11,-1,-2,0,-10
6719240834,-10,-33,20,7,5,2,-4,-2
6719254433,19,77,12,-14,-8,-4,-3,0
6719254433,-5,-63,-39,-20,-16,-9,-2,2
6719263316,-3,-25,24,24,6,8,12,14
6719263316,0,41,-28,-32,5,-3,-13,-4
6719276929,-15,83,21,39,1,-2,7,-13
6719276929,9,-43,-85,-67,-4,-3,-24,-2
6719285796,7,39,14,23,-1,0,-3,7
6719285796,8,47,21,-1,5,7,15,8
6719300777,-22,-75,-6,-25,-9,-9,-9,-10
6719300777,13,84,25,20,2,5,12,8
6719302273,17,7,-3,-14,1,-3,9,8
6719302273,11,15,-9,4,-5,-1,-4,0
6719314433,-18,0,-14,-2,-6,-8,-11,-9
6719314433,0,29,10,-14,-7,-4,6,-4
6719323294,4,22,11,15,-4,1,-9,-3
6719323294,-26,-36,-1,13,-5,-8,-3,-12
6719337607,10,-38,-4,-36,-2,0,-20,5
6719337607,-4,-29,15,47,14,-1,5,-4
6719344466,-17,-8,-18,-12,-10,-4,-6,-9
6719344466,9,-15,1,-24,-12,-9,3,-2
6719360734,1,-21,-29,-33,8,-3,3,8
6719360734,-16,3,3,41,17,11,7,-7
6719362302,2,-22,-20,-20,2,2,1,-1
6719362302,-3,1,24,1,0,2,-5,-1
6719374425,2,-17,-1,1,-2,-4,3,-5
6719374425,6,5,13,-15,1,1,17,8
6719383298,4,-15,-13,1,-14,-1,6,-5
6719383298,-6,-24,-15,17,-5,-4,-24,1
6719397644,10,9,10,10,14,8,4,3
6719397644,-14,-12,-3,-2,-1,1,3,-5
6719404436,-5,-14,-1,0,-9,-13,-10,-5
6719404436,4,3,-8,5,1,6,12,2
6719420786,4,-8,6,26,-11,-7,-5,5
6719420786,2,22,10,-18,13,-4,-13,-4
6719422292,-3,-12,-25,-29,-10,1,3,1
6719422292,0,3,-4,18,-1,-1,4,-1
6719434360,-4,-13,-4,9,13,3,2,0
6719434360,1,18,11,9,-4,4,1,-2
6719443308,-6,20,0,-2,-2,-8,-1,-4
6719443308,0,19,-10,-3,-4,-8,-7,-4
6719457610,5,20,6,-8,8,10,5,2
6719457610,-4,14,6,-11,-4,-1,2,-3
6719464387,1,-7,-4,-9,-10,-2,-16,-6
6719464387,12,-5,10,29,21,5,31,9
6719480743,-13,-31,-8,-2,-4,5,2,1
6719480743,-2,-13,3,-1,-5,-8,-7,-1
6719482242,11,0,14,1,5,3,3,3
6719482242,0,-10,-4,-8,-7,-7,-2,-3
6719494443,8,-12,-16,5,7,3,-1,4
6719494443,-6,-22,-5,5,-5,-3,4,-3
6719503327,-7,-2,9,5,3,-1,-10,-3
6719503327,-5,-7,-13,-14,-9,-3,-9,-4
6719517610,-3,-29,-13,-4,-7,-8,-3,-1
6719517610,1,1,10,-15,-8,-1,-3,-1
6719524431,-4,1,13,12,9,4,7,1
6719524431,1,-11,-6,-13,-5,-8,-25,-5
6719540787,-8,3,2,-1,-4,4,17,-2
6719540787,-5,-2,2,4,-3,-3,-5,-6
6719542301,5,15,1,4,5,2,5,4
6719542301,-8,-11,-12,-9,-5,0,0,-2
6719554407,7,1,6,4,1,2,-4,2
6719554407,0,-4,10,4,-4,-1,5,2
6719563303,-2,-11,-2,-4,-1,-3,-2,-2
6719563303,3,8,0,-5,-6,-5,-6,0
6719577633,4,3,-4,-7,-3,1,-5,-2
6719577633,5,8,-6,2,1,4,8,9
6719584331,-13,-7,-9,8,7,8,6,-3
6719584331,-2,-8,5,-3,-2,-1,-3,3
6719600781,-6,-5,-6,-10,-13,-9,-11,-8
6719600781,3,-3,4,0,0,-6,-6,-1
6719602258,1,2,-5,3,2,2,2,-1
6719602258,-4,4,10,0,-1,1,14,1
6719614400,-2,10,13,0,-1,-4,0,-1
6719614400,1,0,-5,0,-4,-3,-8,-2
6719630795,5,-6,-3,-5,-2,-6,-7,1
6719630795,9,4,-5,-8,1,4,4,1
6719637673,4,4,-10,7,0,2,4,5
6719637673,-14,-6,11,0,-1,-5,-7,-6
6719644428,-22,-1,3,2,1,4,-8,-8
6719644428,-1,5,-4,-9,-3,0,3,2
6719660783,2,-2,3,-2,-2,-4,0,-4
6719660783,12,10,-11,-3,-3,-2,13,6
6719662298,-4,6,-5,5,-1,-4,-7,-2
6719662298,6,5,1,-6,0,-3,-8,-6
6719674390,11,32,8,12,2,8,13,5
6719674390,-22,-21,-8,-23,-4,-2,-6,0
6719683288,4,19,7,37,-2,-5,-4,-3
6719683288,-3,39,4,-8,10,3,4,-4
6719697632,-8,-7,-26,-10,-15,-5,-16,7
6719697632,6,44,-4,10,16,5,1,0
6719704389,-3,42,-15,3,-3,4,6,-1
6719704389,-17,-13,-4,40,9,1,9,-7
6719720757,15,-12,21,-59,-6,0,-14,-1
6719720757,5,-18,45,39,2,2,-4,-5
6719722247,7,44,34,35,-3,-7,0,7
6719722247,-12,-67,-29,-34,-3,-8,-9,-2
6719734417,-34,-9,44,-14,-9,-10,-6,-16
6719734417,53,62,2,9,2,5,9,18
6719743245,-12,46,23,24,-4,0,-15,-7
6719743245,-30,-59,-68,-68,-15,-9,-17,-11
6719757646,20,88,6,5,18,8,6,8
6719757646,10,25,-6,-4,-7,-5,-7,-4
6719764420,-13,-28,-22,-25,-4,-3,8,-2
6719764420,24,104,47,25,1,4,24,5
6719780808,-9,-4,-24,-23,3,1,-19,1
6719780808,-23,-10,-25,34,0,-4,-10,-12
6719782280,0,-8,6,2,2,0,6,5
6719782280,-1,-8,37,26,-5,-6,-1,4
6719794380,10,-57,-25,22,5,0,6,-1
6719794380,10,32,6,-28,-4,-2,2,5
6719803275,2,-88,-9,-64,3,4,-1,2
6719803275,-11,-15,12,16,-5,-1,-5,-5
6719817623,11,7,-8,37,5,-2,9,3
6719817623,-19,-45,12,7,-9,-6,-13,-6
6719824404,7,0,-18,-24,8,11,16,2
6719824404,10,2,-13,5,3,3,-2,2
6719840734,-9,-38,-4,8,-1,3,-3,-10
6719840734,-10,-16,-6,-5,-13,-8,-22,-1
6719842245,2,-19,-6,-5,4,-9,-9,-1
6719842245,17,-4,-3,5,3,18,0,7
6719854303,1,-5,7,10,-6,-2,17,5
6719854303,-20,-18,-3,-16,-9,-10,-27,-15
6719863241,4,-5,-12,9,-1,-5,-6,-3
6719863241,-10,-7,2,-27,1,-5,-2,-2
6719877649,0,6,20,30,16,5,0,2
6719877649,-1,-14,-27,-54,-6,9,15,-1
6719884449,-7,-20,5,31,-16,-12,-1,-2
6719884449,-3,13,5,-17,12,8,5,-1
6719900450,-9,-4,-2,16,-5,1,6,-4
6719900450,4,-3,-14,-17,6,-2,5,3
6719906876,-6,-5,-5,-18,2,4,0,-7
6719906876,-10,2,14,17,-8,-5,-10,-5
6719914425,-3,12,-14,-14,-4,-2,-1,1
6719914425,-3,10,0,1,-5,-5,-1,-1
6719923291,-3,17,15,-14,-9,1,-3,-2
6719923291,7,22,-9,12,-1,-2,-7,5
6719937571,-14,-25,-16,3,5,-2,9,-6
6719937571,2,4,19,17,-4,-2,5,0
6719944373,7,-8,-25,7,21,0,5,-2
6719944373,4,-16,-14,-7,-10,-2,6,2
6719960691,-2,-9,21,1,0,1,-6,-2
6719960691,-3,-38,-4,12,1,0,-16,-2
6719962304,-2,-26,-13,-23,-11,2,-1,0
6719962304,-7,-15,0,-3,-5,-9,4,-4
6719974385,2,-6,-8,-5,-10,-16,-23,-5
6719974385,-5,-10,8,10,13,23,17,1
6719983307,-8,0,9,-3,-3,-17,-23,-7
6719983307,1,-16,-1,1,-4,10,6,2
6719997622,5,-5,-8,-12,-6,-9,-3,3
6719997622,3,6,-4,-2,0,7,-1,0
6720004280,-12,0,7,3,5,3,8,-2
6720004280,2,3,-5,-4,-7,-1,-1,-6
6720020621,1,6,4,-4,-4,-1,9,4
6720020621,-3,-16,-8,-2,7,-4,9,4
6720022248,0,9,0,3,0,1,-5,0
6720022248,5,6,2,0,-5,-7,-4,-2
6720034238,5,18,8,-2,-3,-2,-8,0
6720034238,-4,8,-5,-2,1,-3,-1,-1
6720043261,5,5,16,7,4,4,6,4
6720043261,-5,1,4,4,-1,-7,-11,-6
6720057461,-2,-8,-10,-7,-3,-3,-8,-5
6720057461,2,5,-1,-4,-5,-8,0,-3
6720064243,10,14,0,5,7,7,9,4
6720064243,2,3,16,3,3,-4,-5,5
6720080578,8,6,-11,-13,1,1,6,2
6720080578,-8,1,-7,-2,-2,0,-2,-7
6720082248,-2,-11,-8,-6,-7,-6,6,-7
6720082248,-9,-2,2,0,-2,2,4,3
6720094250,3,7,-2,-1,-1,-1,-2,0
6720094250,-12,-4,-3,-1,-3,-4,5,-5
6720103214,4,2,-4,-3,-3,-4,-4,1
6720103214,12,10,-2,2,1,-2,-8,0
6720117480,-8,3,0,-3,-5,0,5,-4
6720117480,-9,-14,-7,-9,-1,-4,-2,-4
6720124244,6,9,6,13,-1,0,-4,3
6720124244,-3,8,0,9,0,1,1,2
6720140623,17,4,-10,-10,3,1,-2,1
6720140623,-5,5,-15,-16,-3,-3,-3,-1
6720142239,-14,-1,-4,-3,-5,-2,-2,-5
6720142239,-8,-6,-2,1,-1,-2,-7,-6
6720154256,12,-5,0,7,0,-2,0,1
6720154256,18,49,21,6,5,4,2,9
6720163247,3,-46,-8,-13,-7,-7,-4,-2
6720163247,-11,52,9,7,-3,1,7,6
6720185578,-43,-35,-8,16,0,-2,-8,-19
6720185578,-27,-56,5,-23,-4,-5,-8,-12
6720187198,-1,12,-27,-5,3,0,-5,0
6720187198,28,10,21,-7,-2,6,15,7
6720199952,12,-41,33,34,18,12,-19,9
6720199952,13,89,26,-15,-19,-7,-7,0
6720206743,-13,-18,32,6,10,2,4,0
6720206743,-26,-55,-71,-62,-5,-2,-3,-10
6720214274,38,74,14,31,2,4,8,14
6720214274,-7,-48,-34,-24,-15,-6,-4,-8
6720223202,-3,-12,28,12,0,-6,-10,-4
6720223202,-2,19,-18,9,-7,-5,-7,-5
6720237467,16,50,10,-25,0,2,7,11
6720237467,-56,-42,11,47,-8,0,-7,-17
6720244240,19,69,-33,-27,14,4,7,9
6720244240,7,-57,-20,22,-5,-8,6,4
6720259946,-25,-53,-19,-13,-5,-10,-8,-16
6720259946,9,51,17,43,-7,-6,-5,4
6720266770,-2,38,-19,-9,4,9,13,5
6720266770,1,46,-1,7,3,4,0,1
6720274252,-8,-41,9,-1,-7,-6,-19,-6
6720274252,33,13,8,-13,-3,2,10,11
6720283254,-18,-71,-24,6,-1,-1,-13,-13
6720283254,2,29,31,-23,2,-1,5,0
6720296842,-20,22,-8,-17,-7,-3,7,-5
6720296842,9,-31,-2,8,17,4,6,3
6720305774,10,21,4,-10,-11,-3,12,4
6720305774,14,-31,3,9,-2,-3,-22,3
6720320112,-7,-8,8,-5,-2,7,19,-1
6720320112,0,-8,-8,10,21,11,4,-2
6720326811,14,-1,0,-29,-15,-7,-4,6
6720326811,-19,-10,11,10,2,2,-9,-4
6720343184,9,4,-14,-1,-1,-7,9,3
6720343184,7,-1,-6,-15,4,10,4,2
6720344867,-1,-12,1,23,3,5,-5,-5
6720344867,-7,-31,17,-21,-5,-5,-8,-8
6720357571,-20,-20,-29,-33,-27,-10,-1,-5
6720357571,12,-5,-15,-3,10,-3,6,7
6720364379,-9,-12,13,-7,-22,-5,-8,-10
6720364379,-5,12,8,32,12,-2,1,-3
6720380086,5,4,-5,22,-13,-7,1,3
6720380086,4,5,9,3,15,-2,-8,-3
6720386902,6,-1,-21,-48,1,2,7,8
6720386902,-10,-9,-4,-6,-6,-5,-3,-6
6720403119,7,12,-10,-8,20,15,5,6
6720403119,6,1,-17,14,-11,-6,2,4
6720404690,1,27,15,46,6,-7,-6,-3
6720404690,18,23,7,-14,0,-3,6,4
6720417600,-13,-8,9,4,-9,-2,-6,-7
6720417600,5,5,-13,-7,8,-4,-5,0
6720424421,-8,-11,12,11,-6,3,-2,-2
6720424421,9,3,0,14,-1,-2,-3,-1
6720440022,-5,-18,-3,-4,3,1,-2,-6
6720440022,-16,-20,-5,-14,-13,-7,-4,-4
6720446880,-4,-2,3,12,14,5,6,-1
6720446880,5,-7,-3,-4,-8,-5,-6,-3
6720463234,9,15,6,1,5,-1,0,2
6720463234,-18,-17,-8,-13,-13,-7,-10,-8
6720464746,-2,-7,4,-8,-9,-1,3,-1
6720464746,-4,-10,0,13,6,6,8,2
6720476855,2,-9,-5,-7,-1,-1,-18,0
6720476855,2,0,2,-5,-1,3,3,-1
6720485767,8,0,6,5,-1,-6,-4,1
6720485767,-5,-1,-6,-4,1,-1,-1,-2
6720500083,-4,5,10,-4,-3,-3,0,-3
6720500083,5,5,9,-3,-4,-5,-3,0
6720506857,5,4,4,6,-1,-4,-6,0
6720506857,-3,-1,-9,-3,1,3,2,1
6720523101,-5,1,-7,-12,-1,2,2,1
6720523101,-1,-6,-1,9,-1,2,1,-1
6720524716,11,19,5,-5,-2,-2,-2,1
6720524716,-10,-7,-3,0,-2,0,-5,-2
6720536877,-10,2,-2,3,0,-2,-2,-3
6720536877,11,1,1,-4,2,6,3,4
6720545785,-1,-9,-13,-3,-5,-2,-1,2
6720545785,-9,-2,-3,-2,2,0,-3,-2
6720560073,9,14,8,5,4,0,-2,-4
6720560073,-3,2,-2,-1,-4,-5,-7,1
6720566910,-8,-6,-3,0,-3,1,6,-2
6720566910,-1,-10,-7,-7,1,0,0,-1
6720583245,0,7,0,3,-1,-3,-1,-1
6720583245,1,9,3,1,-1,0,3,-2
6720584748,-7,-4,0,1,0,-1,-10,4
6720584748,6,-1,-4,-5,-2,1,5,-1
6720596851,8,1,1,1,-1,0,1,-1
6720596851,8,6,1,1,0,3,0,-1
6720605736,-40,-9,-3,2,0,-2,-1,-5
6720605736,-8,0,0,-11,-5,-4,-6,-8
6720620007,10,26,-3,-14,-4,0,2,8
6720620007,3,-29,6,16,4,-10,-2,-3
6720626779,5,-7,-16,4,3,19,1,2
6720626779,32,17,8,-1,2,3,1,8
6720643213,-32,3,20,8,1,0,0,-10
6720643213,2,75,11,-8,9,10,8,3
6720644724,21,73,-11,16,-7,-17,-7,2
6720644724,-47,-121,25,57,0,1,1,-10
6720656885,16,-10,-18,-61,-5,-8,-12,5
6720656885,21,47,21,31,8,11,72,13
6720665714,-26,-42,11,38,1,0,-36,-15
6720665714,-5,-12,35,-49,-15,-12,-16,-14
6720680131,18,-26,-1,96,19,3,9,5
6720680131,-8,38,-24,-62,-29,-10,-20,-2
6720686838,8,-55,-31,19,8,-3,13,9
6720686838,-29,-29,-12,-60,17,8,6,-9
6720703259,13,87,83,25,-8,-3,-8,2
6720703259,-26,-24,-98,-44,-9,1,-13,-8
6720704736,11,-7,14,-13,1,1,26,1
6720704736,-6,16,15,8,-11,-4,-27,1
6720716859,-11,23,-25,-31,4,4,7,1
6720716859,22,81,26,25,-1,-7,-18,-5
6720725774,-15,35,28,-16,-13,-10,-11,-3
6720725774,13,-30,-36,-27,0,0,13,6
6720740059,1,-51,-28,-9,-6,0,1,-6
6720740059,-9,-26,15,7,-11,-9,-7,2
6720746853,-8,-29,7,-10,3,4,2,-7
6720746853,15,8,-24,23,11,-4,-16,5
6720763210,-9,-1,-5,4,2,8,11,2
6720763210,-6,-38,0,-2,12,-2,-3,-3
6720764717,15,11,3,-1,-3,-2,3,-2
6720764717,3,48,-2,15,-4,6,2,3
6720776872,-7,-49,-15,-35,2,-7,-13,-9
6720776872,-16,-56,0,10,-15,-3,0,-4
6720785720,10,-7,-5,5,5,-2,9,0
6720785720,8,3,-14,2,3,15,13,7
6720800048,-7,-10,-6,5,-11,-12,-10,-3
6720800048,-2,-41,-3,4,-10,-5,-14,-5
6720806826,-8,-6,-9,-10,4,-2,0,0
6720806826,4,20,-1,-2,-11,-12,-3,-4
6720823303,-11,2,-3,7,-5,-2,8,-1
6720823303,-5,-21,6,18,3,0,-9,-2
6720824749,8,1,-21,-58,-10,-11,-10,-5
6720824749,3,24,19,50,23,11,18,5
6720836833,5,11,-2,9,-9,-6,-4,0
6720836833,4,14,0,-20,9,5,1,1
6720845768,-1,24,-2,22,13,3,-1,-2
6720845768,2,48,-6,-8,-7,-3,2,1
6720860008,-1,30,-5,18,17,6,-1,1
6720860008,2,3,4,6,-6,-11,-11,-1
6720866842,-6,-3,17,32,-5,7,3,0
6720866842,13,3,1,-16,6,-2,0,2
6720883247,6,-16,6,-7,-9,-5,4,1
6720883247,-11,-41,-16,-20,2,0,6,-4
6720884721,-5,-15,5,18,-2,4,4,1
6720884721,0,-12,3,1,4,-1,-4,-6
6720896860,3,-18,0,-12,-5,0,6,6
6720896860,-4,-16,-3,-21,-3,-3,-8,-6
6720905725,6,12,9,12,-13,-5,-1,0
6720905725,-14,-25,-4,7,-3,-6,-2,-5
6720919990,-9,1,-10,-31,-5,-12,-16,-8
6720919990,-5,-4,-4,-5,5,6,-2,-3
6720926930,3,-4,6,-14,-10,-7,-8,-2
6720926930,2,4,-5,27,2,-3,-1,0
6720943215,-1,-3,-9,-13,-3,1,-2,-2
6720943215,-3,-9,2,8,-1,-1,-1,1
6720944687,7,18,-7,-22,1,2,-1,1
6720944687,3,13,-2,-3,-4,-2,0,2
6720956858,-16,-24,-9,2,-3,3,-3,-8
6720956858,11,17,10,14,5,2,4,4
6720965761,-4,-16,-9,-22,5,2,2,1
6720965761,-3,-5,-3,5,-1,3,3,1
6720979962,-2,-9,-4,7,1,4,-3,-2
6720979962,2,-8,9,1,-1,3,9,3
6720986865,-3,-7,-2,-5,1,1,1,1
6720986865,-2,14,5,-1,-5,-1,-1,0
6721003135,-2,3,1,-1,0,-2,-5,-2
6721003135,-6,-17,4,7,3,1,-7,-2
6721004709,7,-18,-1,-3,1,2,16,5
6721004709,2,-2,-3,-6,-8,-2,-1,1
6721016890,0,2,1,4,2,4,4,4
6721016890,-6,-4,0,-5,-6,-5,-12,-10
6721025753,-8,9,1,-4,-1,0,-7,-1
6721025753,-10,-13,-18,-12,-9,-9,-6,-4
6721039925,-2,-1,1,0,1,1,3,0
6721039925,2,3,2,6,0,-1,1,1
6721046736,-4,9,3,0,0,-2,-3,-3
6721046736,7,3,0,-3,0,1,2,0
6721063107,-4,3,1,-1,-1,-2,-8,0
6721063107,-7,1,-11,0,-3,0,7,-2
6721064683,10,8,-2,-9,-3,-2,-17,-1
6721064683,-3,10,-1,-5,-3,0,-3,-3
6721076880,-8,7,1,1,2,0,5,-3
6721076880,3,10,4,1,2,0,6,2
6721085798,-2,-2,-3,0,-2,-1,-1,1
6721085798,2,-2,0,-3,-4,-3,-4,4
6721100077,12,9,-2,-2,-1,-1,-3,-3
6721100077,-9,-3,0,1,-2,-5,-1,-7
6721106861,-13,13,-3,-19,-4,-2,-17,-2
6721106861,-3,-13,21,40,8,10,16,4
6721122588,-3,-7,-8,-18,-17,-7,17,5
6721122588,44,82,0,-7,14,8,5,5
6721129371,-12,-80,2,23,12,7,24,9
6721129371,-41,18,-21,8,-3,-7,-7,-21
6721136900,-4,-77,23,3,1,1,-17,-7
6721136900,4,81,-30,-50,-19,-13,-12,0
6721145734,64,127,27,3,7,2,17,14
6721145734,-48,12,48,62,-5,-2,-9,-10
6721160046,-23,-110,-89,-34,6,-1,10,-6
6721160046,12,70,95,51,-4,-4,-8,13
6721166861,-34,-61,-71,-81,-9,-1,-15,-15
6721166861,25,56,0,22,24,3,2,3
6721182543,32,107,76,100,4,1,-3,2
6721182543,-25,-97,-80,-16,-1,0,-1,-2
6721189355,2,-48,-17,-69,-2,-1,2,0
6721189355,11,32,5,-43,-12,-5,-1,5
6721196832,-7,7,-7,-8,2,2,29,-1
6721196832,-10,-16,2,32,10,5,-33,2
6721205740,5,73,26,79,-20,-11,-5,-7
6721205740,-11,-34,-13,-15,12,-15,0,-4
6721219334,3,19,-33,-65,-16,16,-18,2
6721219334,8,21,59,30,-1,-1,26,4
6721228219,-27,-8,-24,-19,-2,-13,-9,-5
6721228219,19,0,-2,-17,0,19,-23,2
6721243940,-6,-3,14,-51,-19,-8,7,1
6721243940,-8,-48,-25,81,25,-9,-6,-8
6721250067,2,-22,30,57,-33,1,-4,-2
6721250067,-1,-34,-53,-38,24,-3,14,1
6721266261,-6,-3,18,28,5,7,-20,-4
6721266261,8,-37,-21,-31,4,3,0,3
6721268637,-5,-26,7,9,1,-15,-1,0
6721268637,6,-20,-2,-14,-26,1,-15,-4
6721280712,-7,-18,-15,-8,6,-8,1,-3
6721280712,-11,-12,11,-8,12,10,1,-8
6721286789,-2,-17,-6,0,-4,0,38,4
6721286789,-3,-24,-1,-17,-8,-5,-3,-3
6721301806,11,26,4,12,-3,-4,-20,1
6721301806,-8,-37,-1,-19,-4,-11,-6,-6
6721309379,2,11,-12,-29,2,-2,-3,-3
6721309379,11,2,9,32,-21,3,3,5
6721324832,-9,6,-16,-16,38,-2,11,-4
6721324832,3,10,4,2,-18,2,5,3
6721325616,-4,7,-10,-25,-3,-3,-21,-10
6721325616,13,20,18,23,3,-2,9,5
6721340681,-19,4,11,12,-21,-13,-14,-7
6721340681,3,18,-17,-49,-3,11,5,-3
6721346732,-1,18,5,3,5,-5,-11,1
6721346732,-2,-1,-10,-15,-10,-9,-1,-2
6721361824,8,21,8,16,14,13,11,4
6721361824,-2,-10,-6,-13,-7,-6,-4,-1
6721369310,-8,-19,-2,3,1,-6,8,-6
6721369310,3,-14,-7,-7,-5,-7,-16,0
6721385020,5,-10,3,4,-4,18,11,0
6721385020,-4,-15,5,-8,-2,1,5,1
6721385651,5,-6,-2,18,11,5,1,1
6721385651,5,8,-1,-16,-5,-11,-6,-3
6721400694,1,-1,-1,3,-6,-8,1,-1
6721400694,1,-1,-4,-7,-7,-7,-4,-3
6721406747,-3,-8,8,7,3,5,0,-1
6721406747,5,2,-4,-16,4,3,3,2
6721421825,-3,-2,11,5,-1,1,-3,3
6721421825,-2,-3,-3,1,-4,-1,1,-2
6721429355,6,-6,-6,-9,-6,-3,-14,-3
6721429355,-10,-6,-5,-4,-3,3,5,-4
6721445059,-4,-3,-2,-1,-6,-12,-6,-3
6721445059,-2,-13,-7,-6,-7,0,-1,-1
6721445693,-1,14,4,3,3,2,-3,0
6721445693,-7,-7,-1,1,-3,-4,-6,-5
6721460756,0,12,-8,1,-3,-4,8,2
6721460756,7,-1,1,1,3,-1,4,1
6721466872,6,2,-1,-7,8,11,4,9
6721466872,-10,-21,-10,-5,-3,-7,-4,-6
6721481763,0,-1,2,3,-1,9,30,1
6721481763,-3,-7,-5,-10,-7,-6,-4,-4
6721489339,2,-2,3,9,3,-4,-1,2
6721489339,-6,2,0,-5,1,13,4,-1
6721505069,-2,4,3,-5,-4,-8,-19,-6
6721505069,-2,-9,-7,0,2,2,0,2
6721505681,9,-1,3,1,0,4,8,0
6721505681,-13,-5,-2,-3,-2,-4,-1,1
6721520761,-3,-5,-2,-6,-3,-6,-10,-4
6721520761,3,4,2,2,2,5,3,-2
6721526766,-5,6,1,-1,-4,-1,-10,-7
6721526766,9,5,11,22,5,-7,0,5
6721541782,10,-2,-23,-31,1,0,-1,2
6721541782,-16,1,-1,-1,-3,-2,-9,-1
6721549333,6,4,-2,-1,-2,-2,4,-1
6721549333,2,2,11,14,0,-3,2,-2
6721565034,-3,1,-1,-7,-2,-4,-6,1
6721565034,2,14,4,-1,4,11,-2,-1
6721565783,9,-25,9,19,6,3,0,2
6721565783,-6,56,5,-18,0,17,1,-3
6721580735,-3,0,3,26,1,-13,-12,-3
6721580735,9,32,0,-11,-7,-20,7,5
6721586795,16,-35,17,29,6,29,32,13
6721586795,-26,47,-18,-34,-6,-14,-9,-12
6721601683,-8,2,-18,1,-1,4,4,2
6721601683,-10,32,22,-18,-2,0,-1,7
6721609323,-6,30,-4,37,-9,-11,-21,-16
6721609323,9,-60,-17,-19,0,-2,0,12
6721624948,-5,-50,2,-3,-4,-9,-12,-15
6721624948,-16,-30,-7,-11,2,8,1,-5
6721625715,-10,9,3,-9,-1,-8,-5,4
6721625715,13,-37,-8,-25,-4,7,5,-2
6721642292,-1,12,21,31,-7,-7,-15,-7
6721642292,7,-25,-85,-34,3,-5,-3,-4
6721646841,-38,-19,-10,-12,-2,-3,-9,-9
6721646841,5,-25,13,0,8,0,1,0
6721661754,19,66,6,-14,-9,-2,2,5
6721661754,-5,37,40,27,0,0,-6,-6
6721669155,8,43,-7,-13,3,1,-1,-5
6721669155,-16,5,3,22,-1,-9,-8,-5
6721684835,14,32,-8,-16,6,3,-10,3
6721684835,-10,-37,17,51,1,0,-8,-3
6721685649,-9,3,-20,-23,-6,-5,-10,-5
6721685649,20,43,23,22,7,2,20,10
6721700654,-6,-40,5,13,6,8,10,4
6721700654,1,-9,-15,-20,-6,-8,-15,-9
6721706782,-11,-27,-2,-6,-14,-5,0,-4
6721706782,1,-23,1,24,12,6,-1,-8
6721721711,2,-23,2,-1,5,6,6,5
6721721711,-1,-10,3,-3,0,4,10,6
6721729305,5,-24,3,-9,2,-1,-1,-1
6721729305,-5,-22,-9,8,-9,-19,-6,0
6721745043,-2,-2,-9,-2,-2,16,7,-8
6721745043,5,-13,13,4,-3,-1,9,7
6721745700,-5,4,-3,-6,5,4,2,-2
6721745700,3,-1,-10,-2,-4,0,-5,-2
6721760709,0,-10,0,-3,-2,-11,3,-1
6721760709,0,-9,0,-16,-10,-5,-9,-3
6721766844,-2,-1,-4,11,7,2,7,0
6721766844,1,10,-2,-18,-9,-2,-3,1
6721781720,0,2,-2,6,5,11,-6,1
6721781720,-6,-5,-8,-10,-4,-5,-5,-6
6721789244,6,24,18,20,19,4,-2,6
6721789244,0,5,-1,6,-1,-3,1,-2
6721805085,-4,16,-10,-20,-17,-10,-6,-2
6721805085,6,29,9,12,2,1,3,2
6721805708,1,7,0,-3,-3,-6,-4,-2
6721805708,1,-16,-2,-3,-4,3,3,2
6721820720,-5,-12,-5,3,7,4,2,1
6721820720,6,4,16,14,11,5,4,1
6721826795,-6,-28,-4,-10,-19,-13,-9,-2
6721826795,-1,3,10,-7,0,4,-6,-4
6721849901,-5,-12,-11,-12,-1,-5,0,-1
6721849901,2,-11,4,8,-1,-1,4,0
6721850662,-3,3,-5,-4,1,4,0,2
6721850662,0,-5,1,7,-2,-5,-5,-1
6721864965,-1,2,8,-1,-2,-3,-1,-2
6721864965,0,-1,-6,-7,-3,-2,3,-3
6721865729,1,-4,-7,-7,-3,-1,-3,0
6721865729,1,4,-3,1,0,1,-1,1
6721880724,5,4,9,13,6,2,4,4
6721880724,-9,-16,-19,-11,-4,-1,-8,-6
6721886800,6,-4,3,-10,-5,-3,-11,-3
6721886800,-7,-5,-3,-1,-1,5,14,0
6721901675,-3,12,2,-5,-6,-12,-4,-4
6721901675,-3,-6,0,-4,-7,-2,-6,-3
6721909301,3,6,-3,-3,0,3,4,0
6721909301,7,-4,-3,-2,1,-1,0,2
6721925024,-9,-8,-1,0,1,5,-4,-1
6721925024,8,4,-2,1,-1,-2,1,2
6721925740,-7,-2,-6,-4,-3,-6,-4,-3
6721925740,-10,-15,-8,-6,-4,-3,-3,-9
6721940764,-5,-4,4,1,-1,-3,0,-3
6721940764,-13,-10,-11,-3,-5,-6,-3,-3
6721946808,13,12,9,5,8,6,-1,3
6721946808,-3,2,-2,-2,0,-1,-17,1
6721961784,-5,-15,-11,-5,-4,-4,-1,-1
6721961784,0,1,0,-3,-4,-7,4,-2
6721969333,-8,-13,-3,-4,-3,6,-1,-4
6721969333,2,-2,-5,-4,-2,-3,-5,-4
6721984916,4,5,7,3,0,-1,1,0
6721984916,7,8,2,2,2,4,-11,5
6721985715,-9,3,-3,-3,-3,-6,2,-4
6721985715,-1,0,1,-1,-1,0,4,-4
6722000766,3,-1,-4,-1,1,-2,-7,1
6722000766,0,2,2,1,1,5,11,1
6722006808,11,4,2,2,1,-3,-5,-3
6722006808,-8,4,2,3,-2,1,0,1
6722021777,-2,5,6,5,-1,-4,-2,-1
6722021777,-1,0,-3,-5,-2,-1,-8,-8
6722029233,5,-30,4,9,5,2,7,4
6722029233,30,80,-12,-15,-2,1,-3,0
6722044267,-59,-53,-15,15,0,-3,3,-7
6722044267,2,68,15,-16,-6,-3,-3,2
6722051768,31,-40,0,19,16,10,15,13
6722051768,-27,-42,7,-24,1,-2,-1,-5
6722060705,19,-3,1,-6,-15,-4,1,8
6722060705,-45,-9,7,42,16,1,3,-11
6722066739,22,15,-9,-28,-14,-7,6,2
6722066739,-35,-65,-27,-13,-1,-8,-14,-8
6722081777,19,64,2,42,-17,-1,-19,-13
6722081777,-2,29,17,-25,20,8,9,3
6722089307,-23,-3,6,21,-5,0,-1,0
6722089307,19,8,-12,-38,14,-3,9,1
6722104290,14,-79,-13,-18,-12,-7,-3,2
6722104290,12,-23,-19,23,-6,-5,-6,1
6722111801,-15,46,7,-6,-6,-5,-7,-8
6722111801,5,-33,11,28,-1,6,4,8
6722120667,0,53,18,-23,9,-2,-1,-1
6722120667,16,-2,-3,-9,-6,2,2,6
6722126791,-11,36,-3,-8,-3,-2,-2,-4
6722126791,-8,34,2,4,-18,-12,-11,-6
6722141740,8,29,-4,-24,4,6,6,6
6722141740,-2,15,7,29,-1,-3,2,0
6722149217,-15,-16,-26,-23,-8,-7,-17,-9
6722149217,3,23,3,-3,2,1,7,-7
6722164175,-1,10,12,49,21,9,-4,3
6722164175,-3,-72,-19,-34,-3,1,9,0
6722171790,4,-32,7,0,-4,-2,1,5
6722171790,8,-24,-5,-2,8,8,-1,2
6722180830,-7,-35,-4,6,-4,-2,-1,-2
6722180830,0,-27,-3,-19,-9,-2,-7,-3
6722186738,-5,-6,4,3,10,9,4,-3
6722186738,0,-10,4,16,-3,-2,1,1
6722201822,-1,2,-1,-10,-5,2,11,1
6722201822,-7,-3,-2,4,10,-1,-2,-2
6722209344,-5,-2,7,10,-1,-1,-3,-3
6722209344,-4,0,-4,8,-8,-4,0,0
6722224345,2,-3,-1,-21,2,-4,-3,-1
6722224345,8,0,4,-17,-10,-7,-5,1
6722231793,3,23,1,-8,-12,-4,2,1
6722231793,2,2,-1,-2,11,2,0,1
6722247406,-5,8,6,27,5,0,1,-1
6722247406,0,4,-10,-27,-7,-1,-5,-1
6722248255,-15,-7,-8,-12,3,-4,-8,-10
6722248255,10,12,7,11,0,4,9,6
6722261784,-1,4,-6,-4,0,-4,-2,-3
6722261784,3,10,2,11,-5,0,0,-1
6722269292,1,-1,-1,21,9,-2,-2,1
6722269292,-2,3,-7,-29,-14,-7,-3,-1
6722284276,-9,-13,13,-4,8,6,4,-4
6722284276,-4,-3,-13,10,-9,-5,-5,-6
6722291809,11,7,-5,-7,3,1,1,7
6722291809,-8,0,6,7,-8,-3,-3,-3
6722307471,9,2,-8,-5,-3,1,-1,2
6722307471,-9,-15,4,-8,-3,-1,-4,-2
6722308217,1,-3,-15,-4,-1,2,3,1
6722308217,2,5,-1,8,-1,0,4,2
6722321795,-5,1,-9,-19,-4,-8,-5,-6
6722321795,0,5,0,5,3,3,-4,-1
6722329339,2,3,1,-3,-1,-4,2,-1
6722329339,3,8,5,16,2,0,2,2
6722344315,-9,-18,-7,-5,3,2,-1,0
6722344315,1,1,0,4,-2,-2,-1,-3
6722351797,-4,-7,0,-1,-1,-2,-3,-3
6722351797,6,4,4,3,-3,1,0,0
6722367356,-3,-2,-4,-5,-2,-2,-2,-1
6722367356,-3,-3,0,3,1,0,2,-3
6722368187,13,-7,-1,-1,-2,0,-1,2
6722368187,-10,-12,-2,-1,2,3,2,-1
6722381766,-5,-4,-3,-6,-4,-4,-4,-1
6722381766,11,8,7,9,5,4,2,1
6722389213,-8,-4,1,-3,-3,-1,8,0
6722389213,6,-1,-3,-1,1,-2,-3,-3
6722405662,-6,-5,-9,-5,-2,-2,3,1
6722405662,4,-2,-4,0,-5,-4,1,-3
6722411727,-14,8,4,1,0,0,-3,0
6722411727,4,5,4,3,2,0,-1,-2
6722427466,-9,-2,-7,-7,-1,2,-2,-1
6722427466,-5,-3,-2,-1,-1,-1,-1,-1
6722428144,10,-1,0,-2,-4,-4,-3,-4
6722428144,-2,-6,-5,-1,-3,-2,-4,3
6722441764,9,7,3,0,-2,-3,-9,-2
6722441764,0,6,2,2,1,3,12,1
6722449310,2,2,-2,-2,-1,-2,-12,-2
6722449310,3,12,2,0,-3,-1,3,-3
6722464306,-8,21,-1,-4,-2,-2,-2,3
6722464306,-22,-34,0,7,2,4,2,-1
6722471734,26,16,20,3,-3,-4,-3,6
6722471734,-32,13,-31,-24,-12,-10,-7,-8
6722487463,0,7,2,-10,1,-4,-10,-13
6722487463,-6,38,36,16,9,14,12,2
6722488241,9,33,-41,-9,-5,2,-1,0
6722488241,34,-35,8,-16,7,2,0,9
6722501861,-63,-78,-39,-29,-19,-11,-7,-12
6722501861,20,37,19,7,-13,-16,-9,5
6722509227,-31,-1,-27,0,-4,-1,-3,-14
6722509227,21,74,47,-14,33,13,7,5
6722524296,22,-4,-2,-31,-16,-2,27,9
6722524296,3,-16,27,79,-7,-6,-32,-6
6722531808,5,-57,-19,-37,-4,-8,2,0
6722531808,-24,-35,-32,-13,-12,-6,-12,-6
6722547344,14,102,44,60,9,6,6,-2
6722547344,5,-4,-28,-61,-4,1,9,4
6722548191,-3,32,16,11,-7,-7,-5,-2
6722548191,-11,-9,-10,12,-5,1,-4,-7
6722561722,5,18,4,-2,7,4,-11,2
6722561722,7,29,0,-1,-2,-1,4,9
6722569309,-12,-8,-8,0,5,1,-3,-1
6722569309,-20,8,-2,-3,-10,-5,2,-5
6722584246,13,32,-1,7,-4,-4,-6,0
6722584246,5,18,-6,-9,6,-2,-3,-6
6722591851,-15,-47,-18,-18,-12,-5,-4,-2
6722591851,-5,-41,6,20,-4,2,3,-3
6722608773,8,-56,-5,-16,10,-3,3,1
6722608773,-7,-47,-11,37,28,14,4,-4
6722609552,-3,-14,14,-5,-7,-4,0,0
6722609552,1,-26,1,23,-1,5,-1,1
6722621681,6,-31,-9,-7,-16,0,-2,3
6722621681,-9,-24,-15,-44,1,2,-1,-7
6722629243,1,-2,11,21,10,7,3,3
6722629243,7,-1,-2,2,-12,-4,-2,-2
6722644219,2,-9,7,0,4,-4,-2,-1
6722644219,-6,0,-5,4,1,-6,1,-4
6722651726,-13,-2,6,-7,-2,3,-1,-3
6722651726,17,15,9,13,4,-3,-2,6
6722667411,7,13,-7,6,9,1,1,3
6722667411,2,-4,-15,-37,-25,-11,-1,-1
6722668075,-1,6,5,31,27,-2,-2,-2
6722668075,0,5,-6,16,5,3,4,1
6722683249,-11,-25,9,-13,-11,-7,-9,-9
6722683249,0,-1,-1,-2,-6,-6,-3,-1
6722689277,8,21,2,-18,-9,4,3,4
6722689277,-4,5,-3,6,6,-2,-4,-5
6722704156,3,4,-10,11,4,2,1,-1
6722704156,-7,2,-9,0,1,1,-2,-3
6722711792,-3,-9,9,-6,7,10,8,1
6722711792,-3,-3,3,3,-2,-4,-4,0
6722727485,-3,-8,-6,-2,-5,-5,-4,0
6722727485,3,3,-1,-5,0,0,9,2
6722728169,5,6,6,10,2,1,0,-1
6722728169,0,2,-8,-11,-8,-8,-4,-4
6722741814,-9,-5,5,0,1,-1,-5,-6
6722741814,-4,-15,-10,-12,-11,-6,-9,-1
6722749333,-3,-7,-1,8,6,-1,-6,-2
6722749333,-5,-10,-2,-8,3,3,10,-1
6722764317,3,7,-11,-10,-3,0,0,3
6722764317,12,17,11,15,3,2,2,3
6722771768,-12,-10,-4,-6,-11,-7,-4,-5
6722771768,0,-8,-12,-13,-6,-5,-10,-2
6722787436,6,8,8,11,7,6,7,2
6722787436,-5,-16,-4,-3,-1,-1,-1,0
6722788157,8,9,8,2,-2,2,2,3
6722788157,1,2,3,-5,-3,1,-3,0
6722801710,-6,-8,1,6,1,-2,6,-1
6722801710,-12,-19,-7,-10,-4,-5,-6,-9
6722809277,2,-7,-8,-7,-5,-3,-2,1
6722809277,-3,-7,-3,-2,-2,-1,1,-2
6722824202,-2,-4,0,4,3,1,-2,-1
6722824202,-1,-7,-5,-2,0,-1,-4,-2
6722831722,3,6,0,1,-1,-2,5,-5
6722831722,10,19,6,-2,-1,-1,-3,10
6722847475,4,9,-9,-4,-2,-2,-8,-2
6722847475,-11,-3,1,4,2,0,-3,0
6722848174,-10,-19,-2,1,-3,-3,-4,-4
6722848174,-1,-5,-3,-4,-2,-3,-2,0
6722861777,23,6,6,3,0,2,6,2
6722861777,-1,8,1,4,1,1,-2,-2
6722869331,-18,6,2,-2,-3,-3,-9,-3
6722869331,-6,7,6,3,2,3,-4,0
6722884243,-13,-11,-5,-14,-5,-2,-4,-3
6722884243,26,26,1,11,1,0,1,5
6722891727,18,37,15,4,1,1,4,5
6722891727,-9,-18,-26,-2,1,-1,-2,-6
6722907319,16,51,12,0,2,3,6,9
6722907319,-9,22,27,25,-6,-5,-7,-10
6722908103,5,31,-40,-41,-11,-6,-3,4
6722908103,-2,-15,-6,-12,-4,2,2,1
6722921755,0,-51,29,1,17,0,-8,-9
6722921755,-8,7,5,-38,-14,3,2,5
6722929266,-44,17,-25,-30,-6,-11,-14,-23
6722929266,55,64,13,37,25,13,15,21
6722944283,-34,-24,-36,19,-18,-2,-7,-14
6722944283,6,56,-24,-101,-10,-9,0,1
6722951777,1,-91,44,62,12,2,3,3
6722951777,13,-3,-55,-31,-7,0,25,2
6722967468,-11,-10,59,12,-16,-9,-32,-2
6722967468,-27,-26,-21,71,18,8,5,-8
6722968168,33,67,22,-26,0,1,2,8
6722968168,-45,-25,11,-2,-3,2,-8,-12
6722981807,33,10,14,25,11,3,14,16
6722981807,-5,-39,-24,-12,-5,-5,-3,0
6722989294,-16,22,-1,-2,-12,-10,-11,-7
6722989294,-7,10,19,0,1,-3,1,-9
6723005736,-12,-19,-37,-49,-3,-3,1,-1
6723005736,3,24,14,-2,10,1,-4,2
6723011886,10,-18,6,45,6,5,6,3
6723011886,12,44,21,-34,-15,-12,-12,-3
6723026759,-17,3,-19,-7,-16,-11,-5,-2
6723026759,4,3,7,15,-6,4,7,-3
6723034904,1,-5,-14,-35,4,-3,5,3
6723034904,-12,-12,8,28,24,8,-2,-5
6723041743,-4,-19,-15,6,19,10,7,-5
6723041743,19,-27,10,10,-9,-1,1,7
6723049135,-7,-45,-8,14,-27,0,-8,-3
6723049135,-5,-36,-1,-17,0,-6,-4,2
