MeanEMG1,MeanEMG2,MeanEMG3,MeanEMG4,MeanEMG5,MeanEMG6,MeanEMG7,MeanEMG8,StdEMG1,StdEMG2,StdEMG3,StdEMG4,StdEMG5,StdEMG6,StdEMG7,StdEMG8,MinEMG1,MinEMG2,MinEMG3,MinEMG4,MinEMG5,MinEMG6,MinEMG7,MinEMG8,MaxEMG1,MaxEMG2,MaxEMG3,MaxEMG4,MaxEMG5,MaxEMG6,MaxEMG7,MaxEMG8,MeanXAccel,MeanYAccel,MeanZAccel,StdXAccel,StdYAccel,StdZAccel,MinXAccel,MinYAccel,MinZAccel,MaxXAccel,MaxYAccel,MaxZAccel,Category
-0.926694560669,-1.02574616457,-0.994951185495,-0.939330543933,-0.984825662483,-0.947168758717,-0.933389121339,-0.931129707113,3.87540770015,5.71556645689,8.7972262496,10.4453227522,5.57009631123,3.03277261732,3.44635607788,3.66987061911,-37.0,-58.0,-107.0,-81.0,-20.0,-18.0,-28.0,-76.0,25.0,47.0,91.0,57.0,32.0,13.0,30.0,53.0,0.141345456995,-0.582963265854,0.864539255401,0.113823231494,0.0376784582125,0.0374779883555,-0.0561523,-0.730957,0.682617,0.339355,-0.458984,0.956543,Down
-0.944025157233,-1.02345013477,-1.03611859838,-0.983288409704,-1.02452830189,-0.957592093441,-0.926145552561,-0.921563342318,4.58269503131,5.88044216025,16.3709680151,8.92005290063,6.02047288425,3.53111526292,4.83970815236,2.94,-17.0,-36.0,-48.0,-39.0,-28.0,-14.0,-32.0,-30.0,14.0,34.0,64.0,26.0,31.0,19.0,35.0,18.0,0.427683705063,-0.325612275105,0.894099024895,0.151737640074,0.0507548909064,0.0507242913682,0.130371,-0.635254,0.816895,0.762207,-0.219238,1.09033,Down
-0.898152812762,-1.02174643157,-1.04643157011,-0.924097397145,-0.983795130143,-0.963811922754,-0.936523929471,-0.911838790932,4.04220989872,4.26986271575,7.82615765466,7.11921057461,5.21867257171,2.93809328682,3.87330487923,2.93278553883,-22.0,-25.0,-47.0,-32.0,-17.0,-13.0,-35.0,-22.0,18.0,42.0,38.0,33.0,21.0,19.0,18.0,21.0,0.430450127778,-0.319702707937,0.902199730159,0.117431963317,0.0500836239471,0.0417712472145,0.158691,-0.591797,0.819336,0.705566,-0.149414,1.104,Down
-0.934274509804,-0.993803921569,-1.04517647059,-0.987764705882,-1.02862745098,-0.931607843137,-0.92462745098,-0.922901960784,3.89785451361,7.74524041292,11.1873745038,8.21739689874,5.45411099521,3.0234099914,3.24556687219,2.11278952169,-18.0,-55.0,-94.0,-41.0,-18.0,-16.0,-35.0,-16.0,11.0,35.0,79.0,31.0,24.0,16.0,17.0,18.0,0.444742650916,-0.351727435897,0.88188407033,0.088638545002,0.0376021515959,0.0310000607598,0.248047,-0.477051,0.789551,0.637207,-0.279297,0.993652,Down
-0.876747608536,-1.00198675497,-1.06813833701,-0.953495217071,-1.01383370125,-0.946504782929,-0.901692420898,-0.901177336277,4.58805829527,6.41073366075,16.0134605801,7.41461064324,5.25351065002,2.74163981984,3.57388435787,2.07833289923,-29.0,-35.0,-75.0,-24.0,-16.0,-12.0,-40.0,-11.0,22.0,42.0,59.0,27.0,17.0,8.0,16.0,11.0,0.449707972607,-0.326699785809,0.88803859901,0.0975094576866,0.0357495432816,0.0316884723392,0.228027,-0.501465,0.82666,0.595215,-0.26709,0.97168,Down
-0.899738048461,-0.98218729535,-1.05245579568,-0.904518664047,-0.968303863785,-0.948592010478,-0.921283562541,-0.924361493124,4.26801134827,8.46849062915,12.9213840355,8.40614097007,5.40030995959,2.89380074022,2.69808392371,3.25166682745,-20.0,-75.0,-62.0,-31.0,-17.0,-10.0,-20.0,-22.0,25.0,71.0,79.0,25.0,19.0,11.0,17.0,35.0,0.39571979881,-0.331393832738,0.90877369256,0.124816439175,0.0296049484759,0.0477048215886,0.187012,-0.458984,0.801758,0.612793,-0.259277,0.993652,Down
-0.896322657177,-0.916725978648,-1.00071174377,-0.908659549229,-1.03570581257,-0.922538552788,-0.920996441281,-0.921826809015,5.24689988247,10.482793493,18.4865980649,10.7882084818,6.88076312226,3.64162689055,7.56397893409,5.00584881639,-30.0,-70.0,-79.0,-40.0,-25.0,-11.0,-97.0,-52.0,19.0,70.0,73.0,39.0,29.0,16.0,57.0,41.0,0.405688373939,-0.383974378182,0.891485557576,0.143674976929,0.0500876968812,0.0491425484977,0.136719,-0.564941,0.763184,0.687012,-0.169434,1.04541,Down
-1.04202898551,-0.990499194847,-1.17600644122,-1.05249597424,-1.02737520129,-0.998550724638,-0.943317230274,-0.997262479871,6.25988445614,10.1367197945,19.6440513447,8.83197534093,5.85271196012,3.45110665921,3.4184044646,2.62401059999,-24.0,-66.0,-71.0,-31.0,-18.0,-14.0,-24.0,-10.0,29.0,55.0,66.0,28.0,32.0,16.0,26.0,14.0,0.431936147368,-0.365519227193,0.890872183333,0.117542059241,0.0501005042372,0.0366116318215,0.194824,-0.525391,0.829102,0.657715,-0.229004,0.99707,Down
-0.923004694836,-0.95289514867,-1.01142410016,-1.01580594679,-0.953834115806,-0.896870109546,-0.931142410016,-0.898122065728,5.53172297021,9.02029392422,13.3397294297,8.00922390179,5.71050459367,4.16141964095,4.41447656079,2.35135586286,-23.0,-63.0,-89.0,-39.0,-16.0,-22.0,-27.0,-10.0,24.0,42.0,70.0,27.0,20.0,31.0,17.0,7.0,0.508221019658,-0.325673149573,0.855243744444,0.135005537573,0.0468933772047,0.0521925127861,0.243164,-0.505371,0.741699,0.733398,-0.212402,1.02148,Down
-0.860675883257,-0.941321044547,-0.906144393241,-0.974347158218,-0.93732718894,-0.850844854071,-0.916589861751,-0.929953917051,4.36289471424,5.00125736058,12.5183004381,8.79990419461,5.85098883339,2.56416435884,2.43375107446,3.03102689964,-19.0,-18.0,-47.0,-39.0,-20.0,-10.0,-12.0,-14.0,13.0,15.0,41.0,38.0,19.0,6.0,12.0,29.0,0.422574428205,-0.347161304274,0.901345917094,0.120072321994,0.041843043815,0.0386407902987,0.17627,-0.501465,0.830078,0.575195,-0.19043,0.984375,Down
-0.896943231441,-0.883406113537,-0.919359534207,-0.908151382824,-0.976273653566,-0.900436681223,-0.910480349345,-0.940465793304,5.76586963858,13.7133579596,19.4811090793,10.6502036285,7.63974332974,4.48984625883,4.2969255167,4.37099331928,-23.0,-60.0,-73.0,-45.0,-23.0,-16.0,-25.0,-19.0,20.0,45.0,67.0,43.0,44.0,16.0,26.0,29.0,0.415240578571,-0.393384866667,0.887450021429,0.125102207915,0.0571912981531,0.0497484412844,0.164551,-0.622559,0.780273,0.578125,-0.232422,1.08252,Down
-0.922893588453,-0.99513259483,-0.995971802618,-0.919939577039,-1.01346089292,-0.934206109433,-0.887042631756,-0.915240013427,4.0023958008,7.13880296709,15.3828862445,8.12682370293,5.27954178794,3.87630938515,3.321215654,3.18692450442,-25.0,-55.0,-72.0,-38.0,-30.0,-31.0,-32.0,-29.0,26.0,45.0,85.0,38.0,52.0,47.0,40.0,32.0,0.494000799003,-0.27426917463,0.880055004701,0.0765210459747,0.0491280190002,0.0377299283576,0.220215,-0.633789,0.740234,0.782715,0.0429688,1.21289,Down
-0.874224021592,-0.910391363023,-0.943994601889,-0.997570850202,-1.00472334683,-0.911740890688,-0.930229419703,-0.970175438596,4.20157400418,4.42460587579,13.6458664927,7.37846995966,5.14990573608,2.76248573792,3.09426229451,1.87854544722,-20.0,-17.0,-70.0,-30.0,-14.0,-10.0,-18.0,-8.0,17.0,14.0,46.0,23.0,19.0,11.0,14.0,5.0,0.470400839716,-0.338686861702,0.87897328156,0.125769513248,0.0360305336024,0.0438721238113,0.169434,-0.469727,0.828613,0.62207,-0.273438,1.01172,Down
-0.895406360424,-0.983627797409,-0.856419316843,-0.873969375736,-1.04369846879,-0.985159010601,-0.896702002356,-0.895053003534,5.40818160332,7.36890620661,10.8055814885,8.72777302781,5.14364562532,3.52267357636,4.4713594751,2.21638960689,-24.0,-42.0,-48.0,-30.0,-14.0,-18.0,-47.0,-12.0,20.0,41.0,39.0,25.0,15.0,11.0,32.0,8.0,0.309176491667,-0.357044329762,0.946296892857,0.0788139066346,0.0460406844597,0.0261518700698,0.130859,-0.514648,0.885254,0.430176,-0.296387,1.01611,Down
-0.973216885007,-1.06404657933,-0.898835516739,-0.929112081514,-0.957059679767,-0.906841339156,-1.01179039301,-0.93231441048,6.27820479256,10.3151849563,22.486326461,7.48191035988,6.76588885277,6.04651783939,8.49332622411,3.27641369878,-16.0,-42.0,-87.0,-36.0,-18.0,-28.0,-26.0,-10.0,15.0,31.0,89.0,21.0,22.0,27.0,42.0,9.0,0.419218803704,-0.287126640741,0.918108014074,0.0679295437363,0.0956069884432,0.021070918882,0.267578,-0.476562,0.87207,0.593262,-0.103027,0.992676,Down
-0.891812865497,-0.944444444444,-1.03520467836,-0.933333333333,-0.959649122807,-0.998830409357,-0.971812865497,-0.879415204678,7.11227144075,16.2997252071,18.6456003962,10.2691061815,5.89555736611,5.7326300406,11.0601954799,3.28108949864,-25.0,-53.0,-71.0,-36.0,-20.0,-30.0,-36.0,-10.0,23.0,55.0,67.0,44.0,31.0,29.0,60.0,14.0,0.3808279875,-0.253699925,0.943261408929,0.104554531618,0.0706209073482,0.0251099275537,0.1875,-0.424805,0.859375,0.517578,-0.12793,0.999023,Down
-0.949839228296,-2.15423365488,-1.16463022508,-0.991211146838,-0.996248660236,-0.959914255091,-0.930332261522,-0.964308681672,7.91108186426,27.8332336018,18.0816927431,8.82743051016,5.71344177839,4.34460648809,6.43741227642,2.91384209911,-28.0,-115.0,-88.0,-28.0,-18.0,-12.0,-27.0,-11.0,44.0,117.0,60.0,29.0,19.0,18.0,46.0,8.0,0.344747740741,-0.324721240212,0.940971646032,0.102367361433,0.0493667982978,0.0304531142509,0.142578,-0.550781,0.88916,0.486816,-0.186523,1.06641,Down
-0.887249544627,-1.26612021858,-0.900546448087,-0.926229508197,-0.967213114754,-0.861566484517,-0.921857923497,-0.887067395264,7.85804745178,27.1670772176,18.9806321205,9.5599639737,5.96213726877,4.34658997705,8.68910432656,3.01303608283,-27.0,-92.0,-67.0,-27.0,-23.0,-12.0,-39.0,-10.0,27.0,81.0,51.0,33.0,20.0,16.0,50.0,8.0,0.319696016424,-0.31826335914,0.961478511828,0.153543390608,0.0518175660871,0.0413690925005,-0.00585938,-0.591309,0.900391,0.526855,-0.155273,1.12256,Down
-0.972287581699,-1.18640522876,-1.02287581699,-0.976209150327,-0.939346405229,-0.994248366013,-1.01816993464,-0.933333333333,5.34014135585,14.9486934986,18.711224867,7.25188002767,5.77572988833,4.52719279556,7.2734743678,2.55856564952,-18.0,-46.0,-66.0,-31.0,-18.0,-18.0,-36.0,-9.0,16.0,62.0,67.0,26.0,24.0,21.0,28.0,7.0,0.3191650482,-0.339687843333,0.949278997333,0.109994533987,0.0567031460312,0.0299371859106,0.0834961,-0.556641,0.859375,0.48291,-0.165527,1.01514,Down
-0.884816132859,-1.20308422301,-0.653618030842,-0.924317912218,-0.958837485172,-0.94650059312,-0.93084223013,-0.920521945433,7.15440020181,24.4287553815,23.5277879413,7.44549742071,5.11511196822,3.81707102599,4.9074726939,2.79668489644,-31.0,-88.0,-88.0,-31.0,-20.0,-16.0,-17.0,-10.0,26.0,97.0,77.0,23.0,16.0,11.0,16.0,8.0,0.329048010303,-0.343382152121,0.939999767879,0.10998697094,0.0469484267563,0.0345707619212,0.112793,-0.48877,0.842773,0.526855,-0.269043,1.03418,Down
-0.916064257028,-1.43306559572,-0.959036144578,-0.891432396252,-1.02222222222,-0.982329317269,-0.917135207497,-0.84109772423,7.53962669536,27.4556761526,19.0516219914,8.53796812751,6.70765225148,4.56165742826,8.57610989847,3.32223992078,-30.0,-85.0,-72.0,-25.0,-21.0,-15.0,-42.0,-10.0,20.0,109.0,61.0,23.0,20.0,13.0,50.0,14.0,0.322627534043,-0.339715928369,0.945545775177,0.108625345538,0.0384593716307,0.0281149057703,0.117676,-0.432617,0.89209,0.495117,-0.242188,1.01514,Down
-0.883728813559,-1.30485875706,-1.04237288136,-0.954802259887,-0.98384180791,-0.939435028249,-0.943276836158,-0.958757062147,6.48918119961,24.5933787107,11.3843896898,7.97368583708,5.84890794315,3.99154508618,7.13943262782,2.9067585971,-25.0,-104.0,-40.0,-26.0,-18.0,-16.0,-30.0,-12.0,24.0,104.0,35.0,27.0,20.0,27.0,34.0,9.0,0.340099667742,-0.314159676344,0.942748326344,0.110777743596,0.0605209476511,0.0333002207582,0.129883,-0.491211,0.827637,0.556152,-0.166504,1.01904,Down
-0.96186770428,-1.52762645914,-0.848378728923,-0.938910505837,-1.00155642023,-0.965499351492,-0.955252918288,-0.928793774319,7.19477199064,27.4817042888,18.2764244545,6.79579973432,4.73892845554,4.6954435969,7.22216149135,2.7264477863,-37.0,-94.0,-91.0,-24.0,-14.0,-23.0,-35.0,-9.0,16.0,98.0,61.0,20.0,14.0,35.0,58.0,10.0,0.29376529068,-0.320053096599,0.962370808163,0.126868931651,0.0554682426822,0.0348741725228,0.0454102,-0.57666,0.913086,0.532227,-0.120605,1.08008,Down
-0.980097680098,-1.70305250305,-0.973626373626,-0.958974358974,-0.945665445665,-0.973137973138,-0.934676434676,-0.896459096459,7.29030869981,32.753452484,22.6939392511,8.24616338432,5.05600839708,3.70758618812,7.31642729265,3.17214568129,-22.0,-128.0,-75.0,-23.0,-16.0,-14.0,-36.0,-13.0,25.0,118.0,58.0,34.0,19.0,14.0,34.0,10.0,0.215873544216,-0.346718790909,0.971131744242,0.139378856764,0.0404472164771,0.0359181412365,-0.012207,-0.478516,0.873535,0.476074,-0.22998,1.04297,Down
-0.901953601954,-1.06727716728,-0.914896214896,-0.956532356532,-1.01538461538,-0.901098901099,-0.930769230769,-0.915995115995,7.63596836076,10.8612951198,24.4436935826,8.865986637,6.00164078555,3.7781732649,5.86412155249,2.86818432021,-36.0,-73.0,-88.0,-32.0,-20.0,-14.0,-40.0,-21.0,29.0,50.0,75.0,37.0,31.0,12.0,44.0,9.0,0.294251333929,-0.3757210875,0.943470364881,0.0663107701444,0.046131788794,0.0203289991155,0.160156,-0.499512,0.856934,0.382324,-0.293457,0.986816,Down
-0.881242532855,-2.0880525687,-1.00298685783,-0.947072879331,-0.980525686977,-0.918040621266,-0.889247311828,-0.95651135006,7.31062424497,27.2295876731,20.4810640302,9.24110789566,6.73755044015,4.71686429962,5.63689008703,2.95677809179,-28.0,-102.0,-101.0,-32.0,-26.0,-15.0,-27.0,-15.0,24.0,84.0,89.0,32.0,21.0,12.0,32.0,9.0,0.287046862573,-0.356701717544,0.948684836257,0.103797716261,0.0352977062373,0.0279061776998,0.117676,-0.445312,0.859863,0.50293,-0.260254,1.00928,Down
-0.945350500715,-1.05708154506,-0.864377682403,-0.964234620887,-0.95808297568,-0.919313304721,-0.892417739628,-0.904864091559,8.23964034284,13.2544233727,22.0411889748,10.4100175932,5.07480318938,5.92949096634,6.52981155181,2.98011444491,-49.0,-52.0,-94.0,-35.0,-13.0,-21.0,-21.0,-12.0,27.0,28.0,61.0,53.0,19.0,25.0,29.0,12.0,0.411790675969,-0.278721236434,0.924478024806,0.103845539999,0.0692495261515,0.0353994621479,0.138672,-0.458496,0.836426,0.583984,-0.188965,1.02197,Down
-0.91785150079,-1.12859399684,-0.837282780411,-0.994944707741,-0.952290679305,-0.966982622433,-0.966034755134,-1.00521327014,7.10877782901,21.0945585236,20.79430344,10.4672903211,6.4209928598,9.22764189812,9.00371740357,3.39662567443,-27.0,-61.0,-63.0,-33.0,-25.0,-55.0,-30.0,-10.0,19.0,88.0,69.0,34.0,23.0,62.0,61.0,10.0,0.405015126316,-0.26278827193,0.934656857018,0.0940637249131,0.0756584677174,0.0263289366911,0.178711,-0.47998,0.886719,0.589355,-0.108398,0.991211,Down
-0.942566510172,-1.3386541471,-0.916118935837,-0.996870109546,-0.966979655712,-0.941001564945,-0.867292644757,-0.894522691706,11.5753353632,22.306838443,24.2405911607,9.94405840292,7.3337794776,5.63288015521,8.99935870341,4.6602630876,-66.0,-70.0,-81.0,-30.0,-33.0,-24.0,-27.0,-21.0,36.0,66.0,64.0,30.0,34.0,19.0,41.0,16.0,0.382138599145,-0.344315851282,0.915277770085,0.0921383104455,0.0702792849178,0.031246515493,0.183594,-0.498535,0.848633,0.530273,-0.20166,0.985352,Down
-0.925702811245,-1.24364123159,-1.15863453815,-1.04792503347,-0.886077643909,-0.876706827309,-0.937215528782,-0.929852744311,7.83145076178,23.290719971,19.4377798725,8.25418244717,5.18431562629,5.39520021817,6.72586942312,3.27498774716,-29.0,-87.0,-66.0,-26.0,-16.0,-21.0,-33.0,-17.0,24.0,127.0,67.0,43.0,21.0,26.0,33.0,10.0,0.324825325,-0.361629889583,0.933448511111,0.10823808266,0.0538431748797,0.0334518733579,0.117188,-0.583008,0.866211,0.480957,-0.21582,1.01611,Down
-0.967133520075,-1.46311858077,-0.949112978525,-0.978618113912,-1.01540616246,-1.00999066293,-0.95116713352,-0.968347338936,10.2881098312,20.0678600224,24.5453169292,8.60217117489,6.49311284179,7.74407454047,7.05811317061,3.48444440162,-64.0,-83.0,-91.0,-28.0,-17.0,-26.0,-40.0,-14.0,48.0,74.0,69.0,31.0,28.0,43.0,34.0,12.0,0.325382453468,-0.378468405405,0.917752072973,0.110408215948,0.0813398787351,0.0345361330769,0.081543,-0.839844,0.809082,0.483887,-0.255859,1.0498,Down
-0.854385964912,-1.13429027113,-0.85677830941,-0.899840510367,-0.919138755981,-0.875119617225,-0.869377990431,-0.903827751196,10.4980721612,22.8574193631,24.5457279748,7.96311162873,6.0874175208,5.69654469174,5.99951302075,2.76224316255,-36.0,-80.0,-89.0,-23.0,-18.0,-23.0,-28.0,-8.0,33.0,77.0,57.0,25.0,16.0,21.0,23.0,8.0,0.347786855135,-0.383814568468,0.919551941441,0.129908820812,0.0385480808646,0.0313220301799,0.0664062,-0.505859,0.861328,0.538086,-0.28125,0.987793,Down
-0.87225433526,-1.4676300578,-1.10674373796,-0.917919075145,-0.889210019268,-0.946242774566,-0.874373795761,-0.94527938343,8.54540483131,19.5756978241,23.9400909176,9.74552322953,6.65840663991,5.48472180847,7.98129123043,3.08795437298,-35.0,-89.0,-90.0,-38.0,-18.0,-19.0,-29.0,-14.0,23.0,77.0,66.0,28.0,19.0,19.0,66.0,14.0,0.352198534762,-0.400832927381,0.915522588095,0.118592852965,0.0444850064309,0.0365372383599,0.0356445,-0.567871,0.822754,0.539551,-0.293457,1.01855,Down
-0.881925925926,-0.856444444444,-0.971703703704,-1.03259259259,-0.934518518519,-1.01022222222,-0.877333333333,-0.922074074074,7.70610435097,21.9756363129,21.9068381406,8.70225519383,5.78612659372,6.3170809565,7.92030194894,3.14633688579,-26.0,-83.0,-84.0,-34.0,-21.0,-23.0,-44.0,-13.0,22.0,84.0,60.0,22.0,15.0,26.0,32.0,9.0,0.326333571061,-0.365116706818,0.92765727197,0.155876580225,0.0417916852819,0.0424527623365,0.0400391,-0.513672,0.878418,0.592285,-0.247559,1.0791,Down
-0.999023199023,-0.924053724054,-1.07252747253,-0.930525030525,-0.966910866911,-0.904761904762,-0.930525030525,-0.887301587302,6.59765864538,24.4798852132,20.3181333467,10.6018671817,6.47580200272,6.07702864736,8.92600263786,2.97671069195,-36.0,-118.0,-78.0,-49.0,-17.0,-24.0,-48.0,-14.0,16.0,109.0,49.0,38.0,23.0,31.0,90.0,19.0,0.328671559977,-0.337880284242,0.936660159394,0.165831341144,0.0628179672323,0.0411772762623,-0.0107422,-0.626465,0.893555,0.60498,-0.114258,1.07275,Down
-1.00609418283,-1.71117266851,-0.779686057248,-1.05318559557,-1.0297322253,-0.999076638966,-1.00175438596,-0.962880886427,9.18449405065,27.1106937811,26.8807835084,13.2653037667,7.3300517133,6.18931232963,10.9162299475,4.10408625608,-36.0,-110.0,-93.0,-53.0,-24.0,-26.0,-50.0,-15.0,28.0,98.0,106.0,44.0,25.0,26.0,56.0,14.0,0.42608855307,-0.23477999693,0.923006370175,0.0990540507156,0.103302889324,0.0253360932157,0.216309,-0.454102,0.848633,0.606934,-0.106445,0.986328,Down
-0.873472949389,-1.55270506108,-1.03507853403,-0.920418848168,-1.01483420593,-0.913961605585,-0.992495636998,-0.984816753927,7.21971588919,18.1949242536,17.9467785272,11.4322103674,7.48985539809,6.05087760864,9.0864352628,3.66776217043,-22.0,-84.0,-70.0,-55.0,-17.0,-20.0,-31.0,-17.0,18.0,38.0,51.0,31.0,25.0,23.0,32.0,12.0,0.446392435294,-0.284903467588,0.905350002941,0.129721892606,0.103966883143,0.0340013929763,0.130859,-0.634277,0.829102,0.584473,-0.00927734,0.998535,Down
-0.899719887955,-1.09869281046,-0.664892623716,-0.932399626517,-1.00522875817,-0.96451914099,-0.957236227824,-0.954715219421,6.342904893,10.9007540241,28.2970532169,10.6114255282,5.31235162245,4.82882165658,6.34163236941,2.88638824142,-26.0,-70.0,-112.0,-52.0,-15.0,-22.0,-31.0,-13.0,21.0,45.0,120.0,34.0,16.0,29.0,56.0,12.0,0.413188415315,-0.260510845045,0.923378127027,0.122281131623,0.0530582683389,0.0323974970232,0.157715,-0.366211,0.879395,0.624512,-0.149414,1.00879,Down
-0.916725978648,-0.98137603796,-1.0827995255,-0.95871886121,-1.03274021352,-0.948042704626,-0.911506524318,-0.907947805457,6.57783383971,12.0651302242,20.2143572575,10.9232327416,5.36415435321,3.60523523835,6.95900063992,3.11673005624,-22.0,-62.0,-84.0,-41.0,-20.0,-14.0,-39.0,-21.0,19.0,57.0,66.0,31.0,15.0,19.0,39.0,18.0,0.429419235057,-0.229818286782,0.927487768391,0.12787747096,0.0640864797879,0.0382003184275,0.125488,-0.450684,0.875488,0.615234,-0.0947266,1.0376,Down
-0.883393501805,-1.03682310469,-0.791335740072,-0.956317689531,-0.896389891697,-0.948014440433,-0.918411552347,-0.929121540313,6.8490378204,10.6970983141,23.8212134757,9.55188061358,5.13358231578,3.80555099526,6.09076775413,2.84610317841,-26.0,-43.0,-90.0,-29.0,-18.0,-16.0,-51.0,-13.0,21.0,29.0,75.0,32.0,22.0,14.0,29.0,9.0,0.380030825926,-0.188825707407,0.956411190123,0.11332342844,0.0770160327907,0.0227785382444,0.162109,-0.463379,0.916504,0.510254,-0.0810547,1.01611,Down
-0.884732824427,-1.0475826972,-0.994571670908,-0.901865988126,-0.988804071247,-0.970144189992,-0.90491942324,-0.969380831213,5.57484839794,9.97289401506,23.914883662,8.52531945758,4.93704441776,4.73257811961,4.51023010527,2.41046399995,-22.0,-60.0,-82.0,-28.0,-15.0,-20.0,-27.0,-10.0,22.0,64.0,59.0,27.0,19.0,25.0,37.0,8.0,0.39705585261,-0.216092691968,0.944064553815,0.0995771752202,0.0744127609551,0.0244393235976,0.197266,-0.391602,0.866211,0.513672,-0.10791,1.00781,Down
-0.883527885863,-0.952788586252,-1.15188067445,-0.963035019455,-0.975356679637,-0.905966277562,-0.870168612192,-0.890402075227,5.48422978826,10.7039919557,27.3017321558,8.24663525367,5.58432767968,4.48745677707,5.70744195221,2.79857483833,-20.0,-44.0,-86.0,-37.0,-14.0,-21.0,-43.0,-9.0,16.0,35.0,95.0,23.0,18.0,21.0,27.0,11.0,0.437389091156,-0.227659983673,0.924242641497,0.0805283979526,0.0815613077694,0.0225519794619,0.256836,-0.363281,0.862305,0.559082,-0.0786133,0.977051,Down
-0.99829787234,-1.29631205674,-0.962411347518,-0.883687943262,-1.0124822695,-0.997163120567,-0.927659574468,-0.956879432624,4.98747139017,10.9904687816,19.7046980031,7.80137890734,4.78198806924,4.36189826232,6.66152414434,2.64281853032,-16.0,-38.0,-59.0,-25.0,-14.0,-17.0,-30.0,-8.0,15.0,56.0,64.0,28.0,15.0,18.0,32.0,9.0,0.445765355797,-0.234032105797,0.922478300725,0.0985863172605,0.0697423900027,0.0241229943458,0.250488,-0.428711,0.881348,0.606445,-0.151367,0.980469,Down
-0.8952090946,-0.958099878197,-1.05753146569,-0.980714575721,-0.987860332927,-0.944295574503,-0.938733252132,-0.958627689809,3.12649045426,4.34684804074,12.7247870799,7.9911217171,5.49907824928,2.84453972171,3.2959761564,1.91115610222,-16.0,-47.0,-71.0,-25.0,-30.0,-15.0,-41.0,-12.0,10.0,32.0,76.0,37.0,46.0,21.0,43.0,15.0,0.474244584642,-0.286760919546,0.882113520942,0.106673527485,0.0302821409039,0.0496266230048,0.222656,-0.462402,0.782227,0.621094,-0.21875,1.01514,Down
-0.817903066271,-0.990306627102,-1.01691394659,-0.963303659743,-0.929673590504,-1.00445103858,-0.916518298714,-0.958456973294,3.87209756312,4.36983315321,17.5103097311,7.32565379332,5.22592179356,3.58692807739,2.85582914411,1.84122396963,-18.0,-25.0,-83.0,-21.0,-16.0,-22.0,-14.0,-10.0,13.0,22.0,79.0,23.0,19.0,22.0,15.0,8.0,0.499457188889,-0.330608127536,0.853186583575,0.103267911147,0.0322544311414,0.0434084015089,0.318848,-0.399902,0.773438,0.65918,-0.271484,0.943359,Down
-0.896186117468,-0.978413424867,-1.01006864989,-0.965598779558,-0.968954996186,-0.98703279939,-0.934630053394,-0.921662852784,4.23628848192,6.19566361857,14.3566587692,7.84175374093,5.8248664727,3.40158742806,6.21626373558,2.32046099413,-18.0,-36.0,-70.0,-32.0,-21.0,-26.0,-69.0,-11.0,12.0,32.0,86.0,29.0,18.0,13.0,56.0,17.0,0.431510443986,-0.327998170103,0.894006993814,0.117722969526,0.0379217951597,0.0461807530863,0.134277,-0.456055,0.737793,0.653809,-0.218262,1.05566,Down
-0.945517841601,-1.01235857267,-1.10939947781,-0.995561357702,-1.01479547433,-1.00052219321,-0.964229765013,-0.999738903394,4.8051748849,8.08464613974,16.3659690508,9.28785628855,5.98297130691,3.92616350573,3.21164843099,2.13669861224,-26.0,-51.0,-69.0,-43.0,-25.0,-21.0,-21.0,-15.0,21.0,66.0,83.0,42.0,20.0,26.0,13.0,8.0,0.425648173725,-0.319611653333,0.896633646667,0.118886131713,0.0530676957389,0.0512150387998,0.168945,-0.580566,0.75,0.681152,-0.097168,1.11279,Down
-0.87041322314,-0.990688705234,-1.02275482094,-0.935592286501,-0.978622589532,-0.916308539945,-0.919338842975,-0.885895316804,5.09496341408,11.9414637111,13.4518520338,7.97786122598,5.25489655882,3.06746164128,3.5158790122,3.0329175558,-20.0,-61.0,-72.0,-41.0,-16.0,-12.0,-22.0,-40.0,19.0,62.0,58.0,35.0,21.0,13.0,34.0,23.0,0.457134572464,-0.304178596377,0.882391922947,0.155401650615,0.0346553338716,0.0530418157768,0.122559,-0.486816,0.774902,0.830566,-0.211426,1.0127,Down
-0.879144385027,-0.992513368984,-1.03345216875,-0.974093879976,-1.0165181224,-0.954961378491,-0.957872846108,-0.899405822935,4.7449696674,4.61113555431,10.1368551167,5.17295827075,5.44774766401,4.03580676974,5.20899714433,2.83043184713,-40.0,-31.0,-100.0,-30.0,-23.0,-39.0,-35.0,-24.0,57.0,23.0,48.0,22.0,34.0,29.0,72.0,32.0,0.492393604687,-0.342781842708,0.842947122396,0.154084144473,0.065832899829,0.0531303690004,0.164062,-0.612793,0.703613,0.800781,-0.182129,0.985352,Down
-0.970954356846,-0.969986168741,-1.0571230982,-0.964038727524,-0.924343015214,-0.961825726141,-0.945781466113,-0.930843706777,5.25982782529,5.96247525036,15.0272550741,8.8871109333,6.76857197121,5.51128534173,4.2,3.05190803616,-22.0,-27.0,-84.0,-29.0,-19.0,-33.0,-22.0,-11.0,16.0,25.0,70.0,42.0,26.0,44.0,16.0,28.0,0.431215328261,-0.384114252899,0.868446115942,0.149636140981,0.046869671049,0.052207903712,0.181152,-0.606445,0.788086,0.670898,-0.30127,1.07178,Down
-0.903755868545,-0.947273383893,-0.976814734561,-0.96630552546,-1.03806428313,-0.9779342723,-0.93893102203,-0.912387143373,7.17690038356,14.7311634061,10.9412004721,15.6851035602,10.8229001506,10.3586570134,7.43911204334,2.78245635536,-41.0,-109.0,-84.0,-71.0,-44.0,-76.0,-54.0,-12.0,26.0,116.0,69.0,70.0,52.0,62.0,51.0,9.0,0.309634219787,-0.460846659817,0.891971916591,0.135944490479,0.106377934235,0.122034057789,0.059082,-0.780273,0.717773,0.643066,-0.215332,1.25537,Both
-0.91678298438,-0.883516118312,-1.06846128282,-0.956663343303,-0.985310734463,-0.940910601529,-0.93642406115,-0.956098371552,8.55163405132,16.3284810979,10.8116881015,15.0025066511,11.3829289157,8.59233614859,7.13510985502,3.22909858934,-42.0,-95.0,-68.0,-74.0,-45.0,-43.0,-53.0,-15.0,29.0,74.0,44.0,69.0,59.0,54.0,54.0,25.0,0.280311107099,-0.467640388982,0.8999666159,0.144776286142,0.103159965176,0.135775725881,0.0395508,-0.904785,0.666016,0.65332,-0.106934,1.22168,Both
-0.903071553229,-0.827993019197,-0.979965095986,-0.937102966841,-0.988935427574,-0.94722513089,-0.917137870855,-0.930506108202,8.45299277102,19.37405965,10.4202991882,16.6304385158,13.4885489817,9.70918211229,5.44767537477,3.06303915047,-50.0,-114.0,-80.0,-64.0,-69.0,-51.0,-53.0,-12.0,34.0,121.0,50.0,59.0,58.0,54.0,27.0,8.0,0.286402767107,-0.436533055507,0.914511835977,0.155293896194,0.0918608289464,0.145382385987,0.0366211,-0.750488,0.730957,0.819824,-0.130371,1.27539,Both
-0.91237806929,-0.991389169189,-1.03538513286,-0.924756138581,-0.974672048436,-0.970332996973,-0.898486377397,-0.956407669021,7.74693723509,13.0382123674,12.5873814306,14.2923669212,9.93255586896,6.58317462907,4.79589124737,2.72649156382,-40.0,-72.0,-58.0,-68.0,-49.0,-28.0,-32.0,-13.0,30.0,72.0,79.0,53.0,66.0,38.0,21.0,13.0,0.293957653814,-0.412237344633,0.924328111158,0.13655835913,0.0693222035091,0.136416118058,0.0620117,-0.674316,0.728516,0.623047,-0.219238,1.23193,Both
-0.875992255566,-0.907873507583,-0.959309454663,-0.941432720232,-0.983510809939,-0.95788964182,-0.931461761859,-0.920458212327,7.50085320186,13.3511957818,11.7613371944,17.580167509,11.3086632514,8.24776742864,7.35271279194,3.43018457854,-31.0,-75.0,-62.0,-64.0,-55.0,-64.0,-73.0,-27.0,36.0,96.0,64.0,95.0,61.0,77.0,76.0,29.0,0.298397255682,-0.401812448313,0.925203937922,0.158623378451,0.0854537470159,0.136441911849,0.0317383,-0.679199,0.699707,0.820801,-0.078125,1.27539,Both
-0.934730895034,-0.89119833482,-0.990157597383,-0.934671424324,-0.999702646447,-0.957448706512,-0.91543264942,-0.922301516503,11.6067677604,23.1714648189,12.2821060613,15.4980361217,8.24825952885,7.38487720562,7.74427283964,4.09752343479,-88.0,-105.0,-85.0,-65.0,-41.0,-33.0,-35.0,-22.0,39.0,120.0,77.0,73.0,47.0,40.0,36.0,14.0,0.301779046382,-0.196554858104,0.983614748947,0.226184373802,0.128481678912,0.116117634194,-0.0327148,-0.523438,0.806152,1.04297,0.283203,1.3418,Both
-0.896897752453,-0.6918328585,-1.01544792656,-0.964387464387,-1.00560303894,-0.935802469136,-0.923710034821,-0.952358341247,15.3646861099,29.3349531228,13.3286882471,18.9058011532,7.28738004828,8.16229803975,10.7800101866,5.98505565346,-96.0,-119.0,-77.0,-71.0,-25.0,-40.0,-58.0,-38.0,81.0,117.0,72.0,91.0,40.0,68.0,49.0,31.0,0.198797737443,-0.265098427055,0.995643862784,0.255423742428,0.16548920685,0.165031143706,-0.35791,-0.896973,0.633301,1.12842,0.661621,1.46338,Both
-0.939218791238,-1.0093956189,-1.0432304038,-0.957297439958,-1.02995513328,-0.963525996305,-0.969464238585,-0.920797044075,10.1485348835,18.1865949456,10.3582539613,15.4585955117,6.72990424547,6.31498678351,6.86627108222,3.60892148828,-90.0,-93.0,-87.0,-104.0,-25.0,-32.0,-88.0,-28.0,48.0,113.0,46.0,91.0,25.0,42.0,63.0,13.0,0.276110185254,-0.318106453753,0.964782164349,0.156347059089,0.0788450856012,0.106627211454,0.0732422,-0.654297,0.783691,0.71875,-0.0629883,1.2085,Both
-0.920666120666,-0.924733824734,-1.06991536992,-0.967376467376,-0.979634179634,-0.959541359541,-0.93073983074,-0.942451542452,12.929088964,25.4320090091,14.3935254111,16.7337973503,11.1090082366,10.9289616268,12.9513649258,6.24474691241,-61.0,-107.0,-76.0,-74.0,-50.0,-50.0,-77.0,-64.0,51.0,121.0,69.0,81.0,46.0,56.0,85.0,68.0,0.278628562381,-0.326892475397,0.955055872109,0.210275340307,0.122914975063,0.142844470132,-0.254883,-0.797363,0.473145,0.916504,0.155762,1.36719,Both
-0.902478017586,-0.974420463629,-1.04079403144,-1.006767919,-1.00269118039,-1.03487876366,-0.907753796962,-0.934612310152,13.4274903671,25.3809144773,13.9040673981,15.8862410796,12.5015270308,13.4492009149,12.6017968002,5.44957329716,-69.0,-123.0,-126.0,-80.0,-85.0,-66.0,-78.0,-25.0,48.0,127.0,85.0,80.0,72.0,97.0,92.0,40.0,0.351688846256,-0.315785145089,0.933682918889,0.196466494479,0.105351843382,0.135512649719,-0.0375977,-0.666016,0.371094,1.09912,-0.0102539,1.50732,Both
-0.925625161124,-0.949651972158,-1.00675431812,-0.950476927043,-0.998839907193,-0.951482340809,-0.953235369941,-0.943439030678,13.109184376,24.8756910119,14.8037068483,17.6364552835,13.3479545535,10.2554640277,11.9496707514,8.40479807527,-78.0,-97.0,-79.0,-98.0,-76.0,-39.0,-86.0,-96.0,65.0,116.0,86.0,89.0,54.0,54.0,65.0,80.0,0.35142599781,-0.322569655128,0.933145920299,0.213108808958,0.0998153743994,0.146576556638,-0.0693359,-0.668945,0.44043,1.16797,0.0776367,1.61426,Both
-0.924475937408,-0.895630351343,-1.02636551521,-0.948449955713,-0.996309418364,-0.966459994095,-0.939946855624,-0.94162976085,13.5540193733,24.8187528017,12.299441611,15.7885791856,9.85919858161,9.24716000737,11.3183709562,5.37330431476,-85.0,-128.0,-79.0,-54.0,-43.0,-39.0,-58.0,-37.0,45.0,102.0,65.0,70.0,45.0,47.0,51.0,19.0,0.272799254092,-0.296813551816,0.965147871269,0.247561006241,0.109602327541,0.149768204786,-0.131348,-0.625977,0.604492,1.0874,0.194336,1.3916,Both
-0.943409316155,-0.962933597621,-1.03994053518,-0.972778328378,-1.02590023125,-0.977238189627,-0.938916418897,-0.96389164189,14.4952912541,26.6840781058,13.7276628986,17.9467822183,10.9945062102,10.9423397503,15.7865313093,6.38644766212,-76.0,-128.0,-101.0,-85.0,-46.0,-42.0,-102.0,-35.0,65.0,119.0,63.0,102.0,50.0,58.0,62.0,29.0,0.287228525028,-0.278107848542,0.96731844125,0.314064032526,0.158462666882,0.170544671646,-0.366699,-0.897949,0.456543,1.62061,0.32666,1.62305,Both
-0.908702198133,-0.9027100271,-1.03712737127,-0.997259861488,-1.02806383619,-0.947696476965,-0.923637458597,-0.948027702499,14.8247070149,26.549860115,14.5707254347,19.0951944375,12.3391033521,11.3257675472,13.7907795267,7.10626279688,-89.0,-123.0,-84.0,-86.0,-76.0,-50.0,-62.0,-46.0,74.0,124.0,121.0,92.0,63.0,68.0,88.0,53.0,0.319040226815,-0.31625181183,0.9436137599,0.253762488545,0.110304809153,0.156728412424,-0.333008,-0.686523,0.503418,1.39893,0.128418,1.38623,Both
-0.902643573382,-0.82807657247,-1.03634153753,-1.00461865694,-1.02950470981,-0.989790337284,-0.874597386813,-0.944211485871,14.3929270711,24.7195389279,14.7640947556,19.4113855748,9.97988683808,8.44162607352,12.4164185074,6.84452837599,-100.0,-124.0,-82.0,-105.0,-62.0,-37.0,-77.0,-55.0,75.0,127.0,76.0,100.0,59.0,46.0,64.0,58.0,0.252018631546,-0.290928532522,0.984627650063,0.289097483294,0.211865497681,0.196110759161,-0.652344,-1.1709,0.184082,1.63135,1.27588,1.9126,Both
-0.920017559263,-0.906057945566,-1.00790166813,-0.947556335967,-1.05074626866,-0.986654960492,-0.946619841967,-0.945595551653,12.6870337201,22.3222736265,12.4500630111,16.5730404797,9.47492502536,8.2960449867,12.4261408661,5.13076563992,-60.0,-108.0,-97.0,-93.0,-67.0,-40.0,-123.0,-27.0,71.0,116.0,104.0,86.0,75.0,79.0,99.0,35.0,0.270621375597,-0.262252511319,0.980158288034,0.291574174738,0.167536387972,0.170840327208,-0.575684,-0.798828,0.483398,1.56689,0.586914,1.90625,Both
-0.91571389119,-0.861944214305,-1.04012703673,-0.927257663629,-0.999558133112,-0.980502623585,-0.928389947528,-0.907815520574,14.1290260289,28.6160527645,16.4286525378,21.9313753366,14.8792587786,10.4080194101,12.626054848,7.69326031883,-90.0,-104.0,-100.0,-103.0,-106.0,-50.0,-60.0,-51.0,62.0,111.0,76.0,124.0,80.0,51.0,100.0,54.0,0.282357201356,-0.282193161214,0.963366430241,0.264147999954,0.144601876637,0.165789164199,-0.332031,-0.968262,0.571777,1.26465,0.543457,1.47607,Both
-0.917694758181,-0.960556038228,-1.10191138141,-0.954763973357,-1.00779032725,-0.962583260933,-0.943382565885,-0.951578337677,10.1195764766,19.0487546916,10.9001553639,15.1228574685,8.14003281937,8.10571716869,10.5114939279,4.20714182942,-71.0,-117.0,-59.0,-63.0,-37.0,-33.0,-66.0,-19.0,51.0,103.0,61.0,70.0,40.0,52.0,36.0,16.0,0.298572057387,-0.26750386812,0.967450371551,0.283764356507,0.179941902725,0.174651603706,-0.223145,-0.799805,0.250488,1.62598,0.601074,1.66992,Both
-0.892987012987,-0.88556998557,-1.03904761905,-0.983694083694,-0.988398268398,-0.938095238095,-0.952092352092,-0.927388167388,12.2823839151,21.4203789254,12.1723912678,16.1529063769,8.47566961424,9.43243360464,11.6732148259,5.19956407335,-73.0,-97.0,-95.0,-75.0,-38.0,-31.0,-78.0,-17.0,53.0,122.0,53.0,71.0,47.0,58.0,61.0,30.0,0.31194821213,-0.244728441817,0.973857698315,0.233986239294,0.12305959517,0.160266291416,-0.0654297,-0.62207,0.185547,1.16992,0.356445,1.41406,Both
-0.924339566637,-0.916295636687,-1.01742356782,-0.969041258534,-0.996467794598,-0.953161175423,-0.889937666963,-0.909765509053,13.1225301725,23.9113329588,12.8857126817,16.2468357175,10.701033859,8.72205630696,10.2351287228,6.59096279945,-78.0,-104.0,-67.0,-105.0,-92.0,-34.0,-64.0,-60.0,72.0,120.0,81.0,111.0,59.0,51.0,50.0,106.0,0.355304091336,-0.245860210218,0.961328306991,0.249785002574,0.115879640358,0.175475559215,-0.379395,-0.607422,0.117676,1.67822,0.159668,1.59277,Both
-0.912570621469,-0.95697740113,-1.04508474576,-0.963785310734,-1.03189265537,-1.00214689266,-0.928333333333,-0.917203389831,13.2945931338,23.1003730122,14.6100228755,18.5787895863,10.0003437764,9.22654641915,10.7405078942,5.86915343927,-66.0,-116.0,-73.0,-99.0,-39.0,-48.0,-65.0,-48.0,71.0,123.0,77.0,100.0,47.0,87.0,78.0,62.0,0.351539944594,-0.203311448099,0.958914656184,0.275428149741,0.141361833473,0.156268555075,-0.441895,-0.709961,0.626465,1.34619,0.413574,1.46875,Both
-0.904975609756,-0.832650406504,-1.03235772358,-0.933658536585,-1.00855284553,-0.977300813008,-0.942569105691,-0.924715447154,11.6286557487,25.7670291483,11.0625403589,15.6855471052,10.1792243455,10.2047446869,9.47874514188,4.51864943702,-49.0,-128.0,-89.0,-67.0,-42.0,-45.0,-49.0,-21.0,36.0,127.0,39.0,78.0,54.0,52.0,41.0,15.0,0.320085398422,-0.204333983293,0.975254557687,0.24779452747,0.113567156286,0.144250595063,-0.0610352,-0.615723,0.745117,1.14697,0.169922,1.4126,Both
-0.893164556962,-0.955246132208,-1.03476793249,-1.0035443038,-1.00967651195,-0.931870604782,-0.913783403657,-0.919662447257,13.8560771961,26.3581544939,13.9928864312,17.4834101944,11.6210709663,9.68322869397,10.4353681809,5.42597095318,-90.0,-118.0,-105.0,-100.0,-66.0,-36.0,-58.0,-39.0,55.0,120.0,80.0,84.0,83.0,57.0,48.0,24.0,0.301118882061,-0.227343543941,0.962208474912,0.255645029188,0.116783345407,0.18598512288,-0.235352,-0.565918,0.374023,1.31201,0.211914,2.13232,Both
-0.878889899909,-0.995814376706,-1.0643918714,-0.971640885654,-0.992781316348,-0.971276918411,-0.911040339703,-0.946466484683,11.5567544541,21.9226315373,11.7578909596,16.6086187099,8.66628868835,8.49697665122,9.80224234556,4.69489451214,-76.0,-107.0,-62.0,-85.0,-50.0,-31.0,-48.0,-27.0,53.0,96.0,55.0,79.0,34.0,55.0,65.0,33.0,0.268193546577,-0.22676435831,0.987920689017,0.273654325746,0.133560945328,0.164934610477,-0.344727,-0.665039,0.286133,1.6748,0.307617,1.57422,Both
-0.926579163249,-0.890292589554,-1.03262236806,-1.00287120591,-0.999316379546,-0.95118949959,-0.91572327044,-0.926442439158,10.7082975682,20.0682762047,11.5924515613,16.2149294563,9.70461045409,10.0370154106,9.81339703371,4.55361074578,-72.0,-102.0,-78.0,-76.0,-53.0,-60.0,-52.0,-32.0,68.0,118.0,71.0,75.0,58.0,74.0,44.0,22.0,0.289461346808,-0.229087910985,0.9804420189,0.241192062171,0.121326379296,0.144071129814,-0.17627,-0.591797,0.674805,1.30566,0.272949,1.45605,Both
-0.949241773963,-0.888097281831,-0.971473533619,-0.913733905579,-1.04091559371,-0.955193133047,-0.889899856938,-0.958311874106,12.8017425729,26.1406924757,12.7782550082,16.067056181,11.3843031638,10.5213189746,11.1979125215,4.99745873373,-65.0,-118.0,-81.0,-72.0,-67.0,-45.0,-76.0,-18.0,52.0,120.0,62.0,64.0,75.0,78.0,55.0,20.0,0.328676278542,-0.26658562638,0.954136864994,0.250818908166,0.115680400924,0.144155272166,-0.101074,-0.678223,0.668457,1.22656,0.0791016,1.37451,Both
-0.921385446457,-0.974928503337,-1.03765490944,-0.924308865586,-0.976040673657,-0.971020019066,-0.908420718144,-0.959072132189,12.4150385534,23.7515584873,12.9900520232,16.6525661069,11.3495257513,9.21243136081,10.8464182972,4.76620208036,-74.0,-107.0,-70.0,-88.0,-50.0,-39.0,-72.0,-22.0,58.0,97.0,82.0,89.0,61.0,38.0,52.0,19.0,0.315549468592,-0.246372990637,0.974625446481,0.272491004658,0.118885312753,0.190418311496,-0.190918,-0.619629,0.402344,1.29004,0.196777,1.87207,Both
-0.921900452489,-0.859034690799,-1.02202111614,-0.961055806938,-1.01716440422,-0.977164404223,-0.96814479638,-0.976862745098,12.9232470874,25.6874247321,15.9547854634,19.7403521721,11.3973427224,7.87212376538,10.1778218419,5.06426111442,-63.0,-101.0,-85.0,-91.0,-79.0,-53.0,-66.0,-22.0,57.0,120.0,92.0,114.0,74.0,62.0,79.0,25.0,0.297942194043,-0.266299866045,0.961835306692,0.278801002594,0.14191881462,0.158195792037,-0.257812,-0.899902,0.685059,1.34961,0.503418,1.46631,Both
-0.945305770887,-1.02397358599,-0.961383864485,-0.99153028998,-1.01234567901,-0.938960666092,-0.912202124605,-0.942233706575,11.5770750825,22.2193888152,15.6643970814,16.1859763842,11.2511802926,10.3088695534,9.98771648655,6.83532371634,-68.0,-108.0,-116.0,-76.0,-65.0,-51.0,-86.0,-67.0,63.0,107.0,95.0,76.0,48.0,60.0,58.0,72.0,0.305373730096,-0.271510579759,0.966415484477,0.212218214202,0.105438546917,0.146813344337,-0.150391,-0.624023,0.703125,1.03027,0.0737305,1.38184,Both
-0.954844444444,-0.983792592593,-1.02746666667,-0.995466666667,-1.00186666667,-0.991762962963,-0.998281481481,-0.966340740741,13.2753851955,23.5440965126,15.6144721538,17.8803285291,15.5103444873,11.3691026968,12.2986708575,5.71937220838,-87.0,-116.0,-92.0,-83.0,-83.0,-51.0,-89.0,-42.0,98.0,101.0,72.0,80.0,93.0,62.0,84.0,28.0,0.303331042343,-0.274882516203,0.960626777068,0.280186418604,0.146214872109,0.215797541236,-0.374512,-0.897949,0.553223,1.44189,0.230957,1.56494,Both
-0.931198536139,-1.01607197316,-0.977310155535,-0.971454711802,-1.01741384568,-0.980420860018,-0.941689539494,-0.952485513876,11.9326426364,18.8988475071,12.4844446156,15.2910261596,11.503952995,8.76275873017,7.38478192091,4.22870991417,-55.0,-93.0,-81.0,-79.0,-51.0,-34.0,-43.0,-30.0,51.0,108.0,87.0,81.0,59.0,40.0,45.0,18.0,0.330506992797,-0.260222061501,0.953405655598,0.270077689685,0.115620840373,0.170529629433,-0.553223,-0.740234,0.41748,1.38574,0.0488281,1.50586,Both
-0.924632463246,-1.17362736274,-1.01512151215,-0.97899789979,-0.99498949895,-0.970447044704,-0.947704770477,-0.916831683168,14.1971024695,26.4653824775,14.5092745835,19.0220217708,14.5908167055,10.0153358475,10.4216899799,5.20455059308,-75.0,-128.0,-81.0,-86.0,-105.0,-33.0,-87.0,-24.0,70.0,121.0,92.0,117.0,87.0,48.0,52.0,21.0,0.317757437486,-0.260644290393,0.954372038847,0.29199588737,0.129663350351,0.216199216311,-0.312988,-0.578125,0.405762,1.34863,0.141113,1.68408,Both
-0.965213442325,-1.12216167121,-1.01571298819,-1.02782319104,-1.04632152589,-0.964062973055,-0.86757493188,-0.979291553134,12.0522845164,21.5106003915,11.979331144,16.6324780623,7.88403776824,9.31972511482,8.27758135221,4.48380837591,-69.0,-128.0,-70.0,-92.0,-39.0,-74.0,-54.0,-24.0,43.0,127.0,97.0,97.0,36.0,79.0,54.0,26.0,0.318191565589,-0.179208774679,0.968503805912,0.301282846095,0.157592119446,0.209675999749,-0.498047,-0.71875,0.148926,1.58447,0.866699,1.56592,Both
-0.960084159904,-0.825909227532,-1.0381725278,-0.944153892396,-1.02329425909,-1.00138262699,-0.931830477908,-0.940697324917,13.1162468564,27.3982689013,12.3022872521,16.7619552361,8.87306804558,7.79334988281,8.95158557777,4.67007142216,-73.0,-120.0,-62.0,-67.0,-38.0,-26.0,-54.0,-29.0,55.0,127.0,65.0,76.0,37.0,35.0,39.0,19.0,0.268350043333,-0.208028761483,0.984728345501,0.289669630965,0.131407274835,0.174533017186,-0.409668,-0.773438,0.737793,1.49707,0.369141,1.5415,Both
-0.948641738575,-1.03895813359,-1.04426334292,-0.978427612656,-0.987056567593,-0.980536912752,-0.926206455737,-0.991147331416,12.5757973887,21.7019851736,11.696672091,17.5766346256,8.1259539855,7.56076409558,12.0306236963,4.88256748244,-71.0,-102.0,-59.0,-97.0,-38.0,-30.0,-96.0,-20.0,50.0,97.0,48.0,69.0,43.0,37.0,99.0,24.0,0.253263824503,-0.154106114742,0.99854502249,0.322961710802,0.164936659862,0.192511553477,-0.806152,-0.706055,0.213379,1.81299,0.436035,1.64551,Both
-0.907915484074,-0.93339640492,-1.01586250394,-0.916051718701,-0.994260485651,-0.962503941974,-0.898391674551,-0.923431094292,11.9705560277,20.3423270297,11.9743006186,18.0276731295,8.96500655992,8.89619181077,10.4846467413,5.19307040395,-81.0,-94.0,-70.0,-95.0,-37.0,-40.0,-52.0,-42.0,65.0,97.0,54.0,93.0,60.0,41.0,41.0,29.0,0.251350370721,-0.174361569433,0.996558068775,0.304929422046,0.172791666073,0.189821678819,-0.483887,-0.947266,0.3125,1.49316,0.651367,1.85596,Both
-0.915694807079,-0.941456338845,-1.01433130258,-0.966927763272,-0.969306643458,-0.958021467943,-0.919582245431,-0.933246301131,12.3420900532,19.8454219977,10.6104597361,16.3281145975,9.75491873515,8.81996847049,9.40745071695,5.7420078354,-64.0,-103.0,-62.0,-80.0,-43.0,-34.0,-41.0,-43.0,54.0,99.0,37.0,67.0,42.0,36.0,57.0,32.0,0.241415105456,-0.187859704597,1.00443678279,0.229389182668,0.0996208623448,0.163416502914,-0.193848,-0.581055,0.741699,1.07178,0.328613,1.54639,Both
-0.915206707141,-0.991211332755,-1.07669846777,-0.976467187048,-1.02150910668,-0.979098005204,-0.96256143394,-0.939317721885,11.6561619184,18.8755577684,12.1474413388,18.2913031719,10.851228719,10.6414363532,11.1301657534,6.19069866707,-61.0,-91.0,-72.0,-93.0,-49.0,-41.0,-77.0,-47.0,47.0,108.0,76.0,80.0,62.0,57.0,70.0,44.0,0.270266079715,-0.178359799816,0.996491816063,0.233843465922,0.114750948428,0.151386125413,-0.319336,-0.571289,0.62793,1.19873,0.251953,1.44336,Both
-0.911348837209,-0.913612403101,-1.04319379845,-0.954108527132,-0.978914728682,-0.965457364341,-0.956589147287,-0.917953488372,12.1239119593,24.3561299003,11.4598178494,17.643209228,8.66678287261,6.72748617821,10.475482935,4.79104566741,-72.0,-103.0,-49.0,-94.0,-47.0,-36.0,-66.0,-20.0,52.0,127.0,48.0,60.0,40.0,38.0,55.0,19.0,0.300852422392,-0.222175897294,0.975406076471,0.242043286,0.122985977617,0.134800326222,-0.135742,-0.557617,0.698242,1.13428,0.28418,1.38428,Both
-0.90418387008,-1.02945224333,-1.04128819158,-0.950949628406,-0.996807046518,-0.968565923479,-0.928626479494,-0.954280209194,12.0735016726,18.8314605577,13.3339703471,16.7048115152,10.6288559141,10.111652441,10.018043555,5.55134275176,-66.0,-96.0,-96.0,-90.0,-74.0,-43.0,-62.0,-74.0,45.0,91.0,73.0,66.0,48.0,60.0,57.0,32.0,0.30620745576,-0.223593712546,0.985785182176,0.246438336742,0.112417425301,0.188312631416,-0.174316,-0.70166,0.564941,1.17969,0.0703125,2.00244,Both
-0.928941750534,-1.03449222324,-0.982220189082,-0.936200060994,-0.982586154315,-0.92714242147,-0.95120463556,-0.933119853614,12.2092524596,20.5107777374,13.4916011206,16.8464941167,11.4344891564,10.1911298105,8.39941541806,4.51018480704,-69.0,-105.0,-117.0,-106.0,-47.0,-38.0,-53.0,-25.0,75.0,92.0,109.0,91.0,68.0,69.0,42.0,21.0,0.309892016527,-0.250337021438,0.975623745929,0.250059668692,0.131407282771,0.195420146416,-0.273926,-0.713867,0.124023,1.1665,0.240723,1.70459,Both
-0.870448307411,-0.929521195486,-0.975022872827,-0.937816407441,-1.02595303446,-0.952333028362,-0.902561756633,-0.905093016163,12.2414634144,21.5747735089,10.9632579525,14.9358099699,9.9163364267,9.4395063252,10.6076396389,4.65949323995,-46.0,-113.0,-63.0,-75.0,-37.0,-35.0,-56.0,-24.0,42.0,116.0,47.0,58.0,43.0,38.0,50.0,15.0,0.257478230456,-0.191379976718,0.991687150837,0.273731263101,0.12131165322,0.173249220319,-0.319824,-0.567383,0.67041,1.28857,0.233398,1.44189,Both
-0.910306406685,-0.971154441349,-1.02841225627,-0.978737233055,-0.999535747447,-0.979572887651,-0.940328071804,-0.940513772826,13.1396490266,21.0425638553,13.0707246818,18.1868625631,11.4790528268,9.30236129096,10.1604693682,5.62389189625,-61.0,-111.0,-75.0,-104.0,-81.0,-40.0,-59.0,-44.0,46.0,113.0,87.0,97.0,54.0,43.0,90.0,39.0,0.302322537843,-0.212792791451,0.978274541307,0.255246769073,0.0977587209921,0.157897016421,-0.125,-0.609863,0.736328,1.4668,0.291504,1.46143,Both
-0.929411764706,-0.984570877531,-0.981067180971,-0.917582770813,-0.999228543877,-0.973577627772,-0.96849887496,-0.933204757313,12.5420738365,19.8343423984,14.5505475563,17.812560124,12.1780460981,10.1819217181,12.625905657,5.10862620466,-68.0,-107.0,-91.0,-72.0,-66.0,-43.0,-75.0,-26.0,74.0,127.0,104.0,74.0,73.0,52.0,55.0,27.0,0.278771388545,-0.218411342653,0.980004454251,0.276267081405,0.146742100396,0.18603491227,-0.21875,-0.881836,0.712402,1.3418,0.205078,1.53174,Both
-0.902146985962,-1.0990090834,-0.991219377925,-0.906468483347,-0.957830993669,-0.971538673273,-0.898926507019,-0.951940545004,13.3484915326,24.4334332686,16.1127071414,19.5909010016,12.9956908731,13.1711003722,12.5103690344,7.58072940928,-67.0,-98.0,-107.0,-85.0,-65.0,-75.0,-85.0,-55.0,62.0,96.0,96.0,93.0,70.0,84.0,117.0,84.0,0.247448579256,-0.227654384375,0.992885780726,0.273746273012,0.138755576856,0.179995038088,-0.305176,-0.670898,0.547363,1.70361,0.649414,1.68359,Both
-0.927125036263,-0.911256164781,-1.01734841891,-0.954221061793,-1.01517261387,-0.989643167972,-0.949898462431,-0.935044966638,13.8900305252,29.102875969,16.2385353716,18.4879539254,9.78241319582,7.31975451268,12.5323126622,5.19148081976,-75.0,-128.0,-97.0,-85.0,-39.0,-33.0,-98.0,-25.0,69.0,111.0,101.0,81.0,43.0,43.0,115.0,21.0,0.331057828686,-0.269040598779,0.954979864835,0.260255868875,0.143583965216,0.170145172998,-0.241211,-0.696289,0.34668,1.09912,0.227051,1.5957,Both
-0.905287146764,-0.931479793376,-0.934457611668,-1.00270434518,-1.00018231541,-0.998632634458,-0.961713764813,-0.925220297782,15.1578277819,27.6189022941,17.5658396727,22.066804759,9.8246591904,9.84556398037,13.0574409995,6.99895052849,-103.0,-120.0,-95.0,-105.0,-48.0,-52.0,-64.0,-45.0,91.0,123.0,91.0,115.0,50.0,95.0,82.0,37.0,0.280591069767,-0.304693200897,0.956297625897,0.288181167843,0.169680164201,0.188044477305,-0.419922,-0.799805,0.365234,1.5625,0.683594,1.66113,Both
-0.917589984351,-0.815211267606,-1.000657277,-1.00729264476,-1.01768388106,-0.973145539906,-0.954334898279,-0.923505477308,12.4655012573,27.5494901196,18.0045694326,19.915403358,7.90765690134,6.3232711478,10.439909113,5.30639837687,-63.0,-121.0,-98.0,-101.0,-33.0,-30.0,-62.0,-23.0,64.0,127.0,96.0,100.0,38.0,29.0,72.0,21.0,0.341791673958,-0.253848647667,0.959198771315,0.292538948104,0.178246597227,0.181978201013,-0.290039,-0.718262,0.273438,1.2793,0.345703,1.95508,Both
-0.962068965517,-0.903743000295,-0.977689360448,-0.987503684055,-0.982611258473,-0.957972295903,-0.968022399057,-0.947597995874,12.7140099633,27.1162913219,15.7090966134,17.0298894407,8.70153658851,8.36114778964,10.7016473334,5.25690192375,-87.0,-128.0,-90.0,-109.0,-36.0,-36.0,-44.0,-25.0,59.0,114.0,113.0,81.0,37.0,49.0,47.0,18.0,0.388155792088,-0.261832091128,0.934654585502,0.285176224914,0.167942828004,0.187539875181,-0.245117,-0.748047,0.531738,1.70752,0.565918,1.62598,Both
-0.912579058327,-0.777231201687,-0.901686577653,-0.906394940267,-0.986647926915,-0.956078706957,-0.94036074022,-0.891051768564,11.9111747452,27.7855967223,18.6790450272,18.0811703149,7.94901886652,6.87047467624,11.9410209622,5.34472304956,-70.0,-128.0,-105.0,-103.0,-36.0,-29.0,-77.0,-30.0,70.0,123.0,113.0,101.0,40.0,35.0,79.0,24.0,0.300742592733,-0.230021281986,0.965018742636,0.276644337867,0.159566515589,0.195057448669,-0.168945,-0.802734,0.294434,1.31885,0.487793,1.78076,Both
-0.925727069351,-1.77382550336,-1.01163310962,-0.84966442953,-0.896420581655,-0.864205816555,-0.876733780761,-0.785906040268,6.6513176523,24.7881186643,5.20309952491,8.12359550562,6.6795579292,4.97419169385,6.01522497069,2.96999789801,-21.0,-115.0,-20.0,-25.0,-24.0,-12.0,-31.0,-9.0,19.0,89.0,10.0,27.0,20.0,15.0,18.0,8.0,-0.0209004519208,-0.156918025833,1.04116808611,0.0780645694562,0.0466379841575,0.0241422059832,-0.16748,-0.282227,0.955078,0.126465,-0.0170898,1.0835,Up
-0.892814371257,-1.54431137725,-1.09900199601,-0.88502994012,-1.01556886228,-0.962674650699,-0.947704590818,-0.951896207585,6.04127307981,10.722925331,6.94452605348,10.7543892321,7.43989346601,5.70528399945,8.92921863544,3.40224265772,-28.0,-34.0,-40.0,-52.0,-27.0,-22.0,-33.0,-15.0,19.0,49.0,23.0,42.0,33.0,15.0,27.0,13.0,-0.0159795067407,-0.199755818272,1.03984075309,0.104032828473,0.0645032163667,0.0342950008364,-0.162598,-0.372559,0.927246,0.204102,0.03125,1.09668,Up
-0.867303609342,-1.58343949045,-1.07154989384,-0.952866242038,-1.03779193206,-0.932484076433,-0.826963906582,-1.04522292994,4.85953999023,19.1962860612,6.57882644064,10.9923151348,6.49644815219,4.73613194222,7.29947565101,2.59850451045,-14.0,-94.0,-42.0,-70.0,-18.0,-15.0,-41.0,-8.0,13.0,103.0,23.0,35.0,30.0,11.0,20.0,8.0,-0.0383529105333,-0.188584633467,1.037933036,0.101004227229,0.0419880240434,0.0679756379661,-0.178711,-0.310547,0.854004,0.109375,-0.0634766,1.23486,Up
-0.862962962963,-1.07641325536,-1.01169590643,-0.971539961014,-1.00838206628,-1.02358674464,-0.881286549708,-0.945419103314,5.95784986384,7.63409293892,6.07483333105,8.88723663464,7.08604085509,5.04219942089,8.55223801119,3.70469634383,-26.0,-27.0,-37.0,-33.0,-33.0,-18.0,-34.0,-21.0,19.0,22.0,19.0,37.0,25.0,12.0,27.0,17.0,-0.0256382821905,-0.262899961071,1.02492673452,0.100288659676,0.0563194657691,0.0347964980513,-0.242188,-0.408203,0.924316,0.154785,-0.0356445,1.10645,Up
-0.786330935252,-0.919904076739,-0.86139088729,-0.903117505995,-0.971942446043,-0.921582733813,-1.08369304556,-0.918944844125,7.0994289916,7.23252987403,6.20071269037,9.87299593603,7.29527850293,6.42724578484,10.9543153054,3.93822767095,-21.0,-21.0,-20.0,-32.0,-21.0,-18.0,-26.0,-14.0,21.0,32.0,27.0,40.0,23.0,30.0,48.0,17.0,-0.0896232903333,-0.238277963667,1.01506395167,0.133987094102,0.0522041893334,0.0602635434673,-0.247559,-0.32959,0.909668,0.208984,-0.0317383,1.10986,Up
-0.773570019724,-1.40710059172,-1.03609467456,-0.981262327416,-0.963708086785,-0.954043392505,-0.914792899408,-0.934911242604,6.64773290838,11.347220466,6.48898708368,8.1994323429,6.90264185993,5.01209637685,8.23057705965,3.33378096168,-24.0,-34.0,-20.0,-29.0,-26.0,-17.0,-25.0,-13.0,28.0,44.0,27.0,24.0,21.0,14.0,19.0,11.0,-0.0347144344444,-0.232330220864,1.02463471605,0.118096346984,0.0569123737785,0.0341164314888,-0.243652,-0.368164,0.943848,0.162109,-0.0825195,1.08154,Up
-0.982901554404,-1.32659758204,-1.04006908463,-1.09637305699,-1.01433506045,-0.93816925734,-0.791537132988,-0.950259067358,4.60998130184,9.38546888628,5.1516803162,8.7886473022,6.90164328093,5.5279061982,10.3330397706,3.3286215786,-17.0,-25.0,-28.0,-24.0,-24.0,-22.0,-51.0,-10.0,20.0,29.0,11.0,29.0,24.0,19.0,44.0,11.0,-0.0328366735354,-0.259183090808,1.02473224141,0.103248848811,0.0608591884018,0.035173688325,-0.181641,-0.422363,0.893555,0.161621,-0.0288086,1.08496,Up
-0.888322717622,-1.24522292994,-1.06645435244,-0.933333333333,-0.961571125265,-0.980467091295,-0.87898089172,-0.910828025478,6.3907795038,8.23199043677,8.84751543145,10.6830662714,8.87627732923,5.69756526694,9.418998864,3.6721059835,-22.0,-33.0,-40.0,-40.0,-26.0,-16.0,-38.0,-13.0,26.0,22.0,41.0,36.0,38.0,23.0,44.0,16.0,-0.054268542116,-0.240127680642,1.02709903704,0.111784515319,0.064122109547,0.032323136305,-0.235352,-0.435547,0.930176,0.15918,0.00683594,1.09668,Up
-0.895711500975,-1.11871345029,-1.00799220273,-1.04288499025,-0.802923976608,-0.903898635478,-0.874658869396,-0.883820662768,5.81833094624,8.92499859944,6.80696518281,10.1463971438,6.88823453433,5.6940297681,11.4299507873,4.23603293188,-17.0,-41.0,-44.0,-60.0,-27.0,-32.0,-53.0,-18.0,23.0,22.0,22.0,39.0,16.0,24.0,46.0,14.0,-0.0274047952143,-0.244641067143,1.02222999643,0.105789701538,0.0658669655441,0.0435129400282,-0.178711,-0.423828,0.881836,0.158203,0.0,1.08643,Up
-0.90688172043,-1.37655913978,-1.1376344086,-1.01182795699,-1.11096774194,-1.05806451613,-0.885591397849,-0.947096774194,5.21899601681,14.8080254243,6.88595106503,9.51028569636,8.79359918227,5.87635476878,10.937924985,3.75765994607,-17.0,-55.0,-20.0,-28.0,-28.0,-21.0,-55.0,-14.0,17.0,60.0,27.0,32.0,47.0,16.0,42.0,16.0,-0.0469000883333,-0.249421598611,1.01595837639,0.123459018998,0.0611231568667,0.0416890653042,-0.233398,-0.391113,0.891602,0.207031,0.012207,1.08496,Up
-0.945144356955,-1.1937007874,-1.06272965879,-1.10997375328,-1.15354330709,-0.97375328084,-0.773228346457,-1.07742782152,4.96699742753,7.64195862055,6.18617310399,9.34023413526,7.41419246012,5.35434102242,12.7233110077,4.47064260472,-17.0,-23.0,-25.0,-37.0,-29.0,-17.0,-57.0,-14.0,20.0,26.0,15.0,26.0,23.0,16.0,34.0,20.0,-0.0235493742917,-0.284286532083,1.02643140833,0.11167814092,0.0714527452952,0.0297253484416,-0.188477,-0.461426,0.925293,0.206543,-0.0214844,1.07471,Up
-0.881505376344,-1.03075268817,-1.15870967742,-1.05225806452,-1.02795698925,-1.03655913978,-0.992688172043,-0.976344086022,6.79725981707,7.21178245916,6.58466023972,11.1184282644,6.45595215977,4.89509213242,5.97995035416,2.75427147212,-26.0,-25.0,-28.0,-32.0,-21.0,-23.0,-21.0,-11.0,17.0,22.0,17.0,32.0,19.0,16.0,22.0,9.0,-0.0274350052174,-0.115985260435,1.04078220435,0.0816872476098,0.065034703285,0.0414507220533,-0.206543,-0.244141,0.880859,0.115723,0.111328,1.08545,Up
-0.982428940568,-1.13875968992,-1.17183462532,-1.09560723514,-1.08552971576,-0.92480620155,-1.12919896641,-0.918087855297,5.63632381348,7.64145039507,6.86740068124,11.4309071608,10.9043855443,6.26662825663,12.2057761982,3.47677532665,-26.0,-26.0,-29.0,-37.0,-44.0,-20.0,-36.0,-12.0,19.0,26.0,27.0,46.0,36.0,19.0,44.0,10.0,-0.019180833,-0.275331241176,1.03116480196,0.108247504486,0.0563467095482,0.0315425264138,-0.186035,-0.466309,0.932617,0.193359,-0.149902,1.08496,Up
-0.828925619835,-0.861707988981,-0.809090909091,-0.779063360882,-0.887052341598,-0.965564738292,-0.852066115702,-0.825068870523,4.73650597898,7.29371418872,6.3228123138,9.25495903106,6.50270371119,4.89410075726,9.94658847154,3.36598012802,-15.0,-25.0,-26.0,-42.0,-19.0,-12.0,-33.0,-9.0,18.0,18.0,14.0,27.0,24.0,20.0,38.0,13.0,-0.0239040345244,-0.268554768889,1.02142323333,0.105107642413,0.057636909102,0.040340162656,-0.208008,-0.430176,0.897949,0.160645,-0.11377,1.08936,Up
-0.958953168044,-1.24710743802,-1.00385674931,-1.04738292011,-0.961157024793,-0.881542699725,-0.861157024793,-0.878512396694,5.79127696531,9.54684357378,5.95591582658,9.60185167327,6.87055229868,5.15460958754,9.20256244508,3.64904858224,-26.0,-24.0,-25.0,-22.0,-26.0,-17.0,-46.0,-10.0,14.0,24.0,23.0,38.0,21.0,12.0,27.0,9.0,-0.0271235004444,-0.265484997778,1.01763569111,0.11391099317,0.0437635645126,0.0307378832831,-0.193359,-0.395508,0.958008,0.178711,-0.124512,1.09668,Up
-0.991494252874,-2.08068965517,-1.01218390805,-0.94091954023,-1.05494252874,-0.955172413793,-1.02643678161,-0.979770114943,6.59364737893,24.5718449613,7.41689323047,9.43597130658,8.12303819421,6.52139582561,16.0743592234,3.65276795056,-24.0,-80.0,-25.0,-25.0,-30.0,-25.0,-64.0,-17.0,22.0,87.0,32.0,29.0,26.0,26.0,68.0,11.0,-0.0643976034212,-0.21060313,1.02912334848,0.113531781753,0.0646016017927,0.0475098533979,-0.209961,-0.383301,0.873047,0.189941,-0.0131836,1.09814,Up
-0.794294294294,-0.716816816817,-0.866066066066,-0.648648648649,-0.936936936937,-0.95045045045,-0.870570570571,-0.9003003003,7.44109864063,8.34516540964,6.61329443359,9.34063702324,6.46662940939,5.80008796555,10.88816058,4.30327355223,-45.0,-23.0,-25.0,-28.0,-19.0,-14.0,-35.0,-13.0,21.0,23.0,26.0,35.0,22.0,25.0,34.0,11.0,0.0230531323077,-0.213834727692,1.03098590769,0.109037135315,0.084471580851,0.0419013494107,-0.19873,-0.42334,0.90332,0.276855,0.10498,1.0791,Up
-0.925053078556,-0.997876857749,-0.91889596603,-0.77940552017,-0.874522292994,-0.958598726115,-1.29023354565,-0.843312101911,11.3974741265,12.4225895336,11.0606712966,11.3162796854,8.26131208544,8.31846748962,19.9549824318,6.11851814642,-40.0,-46.0,-45.0,-42.0,-28.0,-21.0,-74.0,-19.0,33.0,35.0,37.0,32.0,30.0,25.0,72.0,15.0,0.0365572998533,-0.1511047888,1.04083294667,0.106394454927,0.0554829016168,0.051702107249,-0.164062,-0.246582,0.824707,0.245605,0.125977,1.10498,Up
-0.890519877676,-1.24373088685,-1.01926605505,-0.932415902141,-0.959327217125,-0.798470948012,-0.837308868502,-0.85749235474,9.65807203263,11.5684519286,9.52830217421,11.8609088783,7.98840329926,8.85681865655,15.7136156522,5.30147621644,-43.0,-41.0,-39.0,-39.0,-33.0,-25.0,-57.0,-17.0,21.0,40.0,21.0,39.0,27.0,38.0,46.0,16.0,0.0450816570909,-0.203280335455,1.04304100606,0.0829679629279,0.0722964584885,0.0442877735537,-0.152344,-0.408691,0.885742,0.196777,0.0712891,1.09521,Up
-1.00465116279,-1.28811369509,-1.08759689922,-1.03979328165,-0.929457364341,-0.911369509044,-0.893281653747,-0.967700258398,8.48014590319,10.9834035992,10.5456124676,9.6951531309,6.25142508989,10.9048704406,12.9213290133,4.94648496485,-27.0,-35.0,-38.0,-28.0,-19.0,-49.0,-68.0,-21.0,25.0,30.0,44.0,20.0,26.0,71.0,42.0,14.0,-0.0153415596667,-0.163061023255,1.0485065549,0.0914498974635,0.0549940124521,0.0406175434291,-0.171875,-0.281738,0.908691,0.228516,0.00732422,1.11719,Up
-0.944691358025,-1.26469135802,-1.01901234568,-0.901234567901,-0.90049382716,-0.892098765432,-0.717037037037,-0.872098765432,8.83538899827,12.8862614126,9.94343572611,12.3354653192,6.77064340633,7.77064472185,13.7076683294,5.91942225102,-25.0,-41.0,-34.0,-41.0,-21.0,-17.0,-40.0,-23.0,28.0,33.0,25.0,34.0,24.0,25.0,58.0,28.0,-0.0179404718632,-0.163193818246,1.04958732105,0.0839611251766,0.0692254382143,0.0524971782072,-0.180664,-0.351562,0.869629,0.161621,0.100098,1.19922,Up
-0.892743764172,-1.19092970522,-1.01383219955,-0.975963718821,-1.06848072562,-0.939002267574,-1.14807256236,-0.908163265306,10.2627100697,9.63037006736,12.4614267963,13.5618418262,7.24774651498,9.15886532544,18.6193069118,6.56401251755,-40.0,-30.0,-75.0,-41.0,-19.0,-24.0,-90.0,-18.0,26.0,34.0,39.0,45.0,25.0,30.0,51.0,21.0,-0.0223788194545,-0.143354982576,1.04723798788,0.0974220771399,0.0581566115975,0.0470629487893,-0.256348,-0.324707,0.90625,0.144531,0.0410156,1.20264,Up
-0.816239316239,-1.01418803419,-1.04273504274,-0.983760683761,-1.01042735043,-0.944615384615,-0.955726495726,-0.939487179487,5.2508331913,7.74588435815,6.2318870189,9.8064130347,8.04353661928,5.62995636232,6.15571581646,2.85981668971,-19.0,-25.0,-26.0,-36.0,-28.0,-18.0,-35.0,-10.0,15.0,31.0,22.0,39.0,37.0,19.0,18.0,7.0,-0.0966447106176,-0.162796787255,1.04719520392,0.0892722141727,0.0442209244231,0.0262164559934,-0.231934,-0.313477,0.940918,0.104004,-0.0498047,1.08496,Up
-0.86120527307,-1.00225988701,-1.15875706215,-0.964406779661,-0.99604519774,-0.912241054614,-0.886440677966,-0.908286252354,6.72364269574,8.17968079254,8.0766079399,12.1316817834,8.00646006492,6.0317150454,11.9829937307,4.09095443523,-23.0,-24.0,-41.0,-59.0,-32.0,-19.0,-61.0,-14.0,18.0,31.0,28.0,43.0,23.0,18.0,48.0,26.0,-0.0336610331333,-0.177587892111,1.04575713333,0.0822530107954,0.0624160448813,0.0302250884039,-0.211426,-0.349121,0.952637,0.13916,0.0571289,1.11768,Up
-0.898347107438,-2.1391184573,-1.08898071625,-1.12148760331,-1.14931129477,-0.919283746556,-0.523691460055,-1.05399449036,8.64092587632,24.070046854,9.93333557047,12.5307178122,7.1204119731,7.61920380792,13.0228448846,4.54373805974,-34.0,-69.0,-33.0,-57.0,-21.0,-23.0,-36.0,-12.0,22.0,75.0,34.0,44.0,22.0,21.0,43.0,11.0,-0.00393010406667,-0.1861534354,1.0477065,0.10664402505,0.0562715762506,0.0330932834489,-0.151855,-0.342773,0.931641,0.258301,-0.000976562,1.12109,Up
-1.08530183727,-1.97112860892,-1.11023622047,-1.00551181102,-0.930708661417,-1.3280839895,-1.65144356955,-1.01469816273,10.6958965262,22.594097015,11.9071164197,14.4975456446,6.88160357652,8.75799625236,20.5625359081,7.41961081116,-43.0,-60.0,-34.0,-43.0,-21.0,-37.0,-105.0,-32.0,19.0,90.0,51.0,29.0,23.0,27.0,69.0,26.0,-0.0476974465882,-0.1781221,1.04322261176,0.116886217617,0.0836270805202,0.0376721227564,-0.236816,-0.402832,0.915527,0.189941,0.172852,1.11523,Up
-0.934949494949,-1.13878787879,-0.980808080808,-0.881818181818,-1.00808080808,-1.04909090909,-1.40868686869,-1.03737373737,7.94044852085,9.97028345822,9.68182993035,12.0548100402,7.54020646747,7.27149146739,14.4797190875,4.82208711856,-34.0,-33.0,-59.0,-49.0,-27.0,-17.0,-52.0,-17.0,23.0,29.0,26.0,26.0,26.0,31.0,40.0,17.0,-0.0646740764103,-0.148094481154,1.04644107436,0.114223600117,0.063134713484,0.0388431010596,-0.208984,-0.348633,0.906738,0.134766,0.105469,1.14795,Up
-0.936989247312,-1.51741935484,-0.896559139785,-0.869892473118,-0.944946236559,-0.923870967742,-0.966666666667,-0.967096774194,8.80986810301,16.6064298193,13.2591187369,15.5435837257,9.9834693236,8.86400714333,13.6097450196,5.44127601219,-29.0,-53.0,-83.0,-67.0,-45.0,-25.0,-59.0,-20.0,35.0,60.0,38.0,41.0,36.0,27.0,36.0,16.0,-0.0237067493472,-0.158300817083,1.04710626389,0.105798330794,0.0705908721174,0.0461760985671,-0.245605,-0.37793,0.858887,0.157227,0.0244141,1.13184,Up
-0.854777070064,-1.04416135881,-0.973673036093,-0.967091295117,-0.849256900212,-0.947346072187,-1.12038216561,-0.870912951168,10.7723905516,10.770819391,10.6210776224,15.3517257243,8.20492112822,8.37042732767,15.9076573104,5.99226049182,-43.0,-47.0,-51.0,-88.0,-25.0,-26.0,-69.0,-15.0,23.0,33.0,34.0,49.0,36.0,34.0,39.0,18.0,-0.052547912725,-0.139184545278,1.053397975,0.0895760009863,0.0745818217319,0.0347052218537,-0.190918,-0.346191,0.962891,0.104492,0.143555,1.11328,Up
-0.873381294964,-1.12685851319,-1.06882494005,-0.860911270983,-0.907673860911,-0.915347721823,-0.472661870504,-0.930935251799,9.39688488693,14.118018713,11.4356361473,12.244600307,8.49439382616,8.4317971195,12.7311270994,5.20138652368,-32.0,-53.0,-47.0,-40.0,-24.0,-36.0,-50.0,-18.0,35.0,39.0,45.0,31.0,35.0,29.0,29.0,13.0,-0.0603823873333,-0.17581979,1.05100366316,0.0792966930663,0.0863066427672,0.0326405164034,-0.19043,-0.363281,0.955078,0.102539,0.168945,1.10693,Up
-1.13627992634,-1.69668508287,-1.08729281768,-1.06279926335,-0.920626151013,-0.917127071823,-0.669060773481,-0.993738489871,9.81202580205,15.6959373399,11.8689031371,12.7499633186,8.32007244212,5.74283345174,13.213705693,4.16520790791,-36.0,-41.0,-68.0,-43.0,-29.0,-22.0,-46.0,-14.0,24.0,51.0,33.0,37.0,49.0,27.0,40.0,13.0,-0.0596511368333,-0.157379558667,1.04275231333,0.085284874445,0.0663179536216,0.044632466687,-0.162598,-0.330078,0.916504,0.151367,0.175293,1.11914,Up
-0.930018416206,-1.3123388582,-1.06132596685,-0.991896869245,-0.898342541436,-0.932965009208,-0.883977900552,-0.936279926335,9.7291482942,15.3195212858,9.76155748511,12.8956926487,7.53998261725,7.57139263244,14.3986488406,4.94198772058,-28.0,-52.0,-33.0,-34.0,-26.0,-28.0,-72.0,-14.0,23.0,49.0,23.0,43.0,27.0,27.0,38.0,12.0,-0.0191358567742,-0.171901243871,1.04340519355,0.105394083321,0.0565450516143,0.0304907296414,-0.152344,-0.340332,0.948242,0.163574,0.0576172,1.10059,Up
-0.960770975057,-1.09795918367,-1.07074829932,-0.889795918367,-0.898639455782,-1.00997732426,-0.722902494331,-0.947845804989,10.9862549713,11.9876184402,10.1757223534,12.0871264055,6.30698965778,5.89095775443,12.2497351443,4.04915561037,-38.0,-43.0,-51.0,-52.0,-24.0,-22.0,-43.0,-15.0,32.0,42.0,28.0,37.0,19.0,20.0,31.0,12.0,-0.0479151250794,-0.178227380698,1.04236777778,0.0961985215326,0.0552914966265,0.0345124659832,-0.140137,-0.338379,0.924805,0.131348,0.00927734,1.12451,Up
-0.890216154721,-1.33879408419,-0.972354948805,-0.95164960182,-1.01103526735,-0.993970420933,-0.98976109215,-0.913879408419,5.93885618036,9.47105584848,6.05973122996,8.44648791257,6.50271775051,4.46411584878,4.96477406543,2.69114924304,-33.0,-34.0,-20.0,-24.0,-24.0,-13.0,-24.0,-12.0,19.0,36.0,21.0,32.0,23.0,13.0,20.0,9.0,-0.141398118483,-0.188976325029,1.03906711379,0.0826567196356,0.0437794067941,0.0351182697559,-0.322266,-0.346191,0.889648,0.0458984,0.00390625,1.09619,Up
-0.910791366906,-1.19256594724,-1.19592326139,-1.00983213429,-1.03261390887,-0.900479616307,-0.967146282974,-0.907194244604,10.1507905482,13.3219339025,12.2448043033,17.2190272071,7.09040013631,7.41459307556,13.6665007456,4.29105157074,-34.0,-40.0,-38.0,-56.0,-29.0,-21.0,-56.0,-14.0,28.0,29.0,39.0,58.0,41.0,18.0,55.0,10.0,-0.0661962753333,-0.161800188333,1.04620448333,0.0957638816796,0.0460719130507,0.0396274028658,-0.190918,-0.319336,0.870605,0.11084,-0.0771484,1.12354,Up
-0.922541966427,-1.07050359712,-1.0242206235,-0.819424460432,-0.942206235012,-1.04028776978,-0.899040767386,-0.952757793765,6.07926373522,7.69276097566,6.78606672017,8.47142179595,7.81514524378,6.78007023004,11.2968036235,3.7626911098,-28.0,-25.0,-33.0,-22.0,-20.0,-22.0,-55.0,-10.0,16.0,31.0,23.0,30.0,42.0,19.0,33.0,13.0,-0.0448970393509,-0.177611882456,1.0330524386,0.0992217362203,0.0857036465923,0.0453381953718,-0.201172,-0.388672,0.896973,0.168457,0.124023,1.10986,Up
-0.875438596491,-0.947117794486,-0.979197994987,-1.01578947368,-0.97619047619,-0.937844611529,-1.12756892231,-0.962656641604,5.20017307697,7.51537569376,7.9531593398,11.2488530127,7.42906555962,5.4099717692,8.7790474156,3.61490778569,-20.0,-26.0,-39.0,-41.0,-19.0,-16.0,-31.0,-15.0,20.0,25.0,28.0,27.0,27.0,17.0,34.0,9.0,-0.0306410964706,-0.193975005294,1.03189868627,0.0947374740646,0.0777503963918,0.0357006796531,-0.178711,-0.422852,0.883789,0.171387,0.0874023,1.07861,Up
-0.869976359338,-1.03877068558,-1.14373522459,-1.13829787234,-0.979196217494,-0.97706855792,-0.980141843972,-0.960283687943,5.82217453045,6.56981669071,6.34712151744,12.3648346106,9.64733858992,5.35057801748,10.8865826438,3.64886103479,-18.0,-21.0,-21.0,-42.0,-26.0,-20.0,-43.0,-11.0,24.0,23.0,16.0,37.0,37.0,15.0,46.0,13.0,-0.0140510826667,-0.215634748333,1.02910628333,0.107197932726,0.0685387826283,0.0320629944396,-0.180664,-0.462402,0.865723,0.182129,0.0283203,1.07715,Up
-0.887464387464,-0.859259259259,-1.01737891738,-0.867236467236,-0.949287749288,-0.874358974359,-0.749857549858,-0.982336182336,5.56976935282,7.58596508058,9.16060746989,12.6866714538,7.46725195467,4.88655310019,9.88357113699,2.72970771048,-15.0,-33.0,-35.0,-32.0,-19.0,-16.0,-42.0,-9.0,13.0,18.0,31.0,51.0,25.0,13.0,29.0,6.0,-0.0147054224762,-0.234497026667,1.02960928095,0.105609139586,0.0598881462341,0.0329835936605,-0.188477,-0.388672,0.9375,0.175293,-0.0717773,1.08496,Up
-0.892366412214,-1.08396946565,-1.10407124682,-0.93893129771,-1.04427480916,-0.871246819338,-0.964376590331,-0.866666666667,5.78805005485,7.02417421748,5.67912845426,9.33435983008,8.41032661375,4.62901430517,9.15371978692,3.12047171915,-19.0,-20.0,-27.0,-35.0,-24.0,-12.0,-37.0,-9.0,22.0,41.0,14.0,24.0,47.0,15.0,28.0,11.0,-0.0137442474074,-0.243402871111,1.03120613148,0.101886257865,0.0591237928387,0.0291212154234,-0.17041,-0.412598,0.972168,0.154785,-0.0395508,1.08496,Up
-0.932038834951,-1.23624595469,-1.25339805825,-1.10485436893,-1.01003236246,-0.93786407767,-0.574757281553,-1.03365695793,5.34762097067,9.98144513663,8.59920234625,12.4184853624,9.48323577634,5.65533220679,8.64219300872,3.07176184702,-21.0,-27.0,-24.0,-42.0,-26.0,-21.0,-31.0,-9.0,12.0,35.0,30.0,38.0,29.0,12.0,28.0,7.0,-0.0509129530606,-0.219189516061,1.02104920606,0.127878573632,0.0657553353487,0.0328020835977,-0.217285,-0.393555,0.962402,0.200195,-0.0493164,1.08496,Up
-0.898653198653,-0.824242424242,-0.960942760943,-0.802356902357,-0.974410774411,-1.00707070707,-0.826599326599,-0.875420875421,5.14239972215,7.55330988603,8.83618271654,9.56037749627,6.74739533079,4.65896916199,8.19618754266,3.08836929501,-12.0,-24.0,-69.0,-28.0,-19.0,-12.0,-30.0,-8.0,14.0,27.0,20.0,34.0,18.0,16.0,24.0,10.0,-0.0422428364,-0.247345459367,1.02183883333,0.112874860562,0.0652452915644,0.0517371641259,-0.244629,-0.407715,0.883789,0.214844,-0.000488281,1.11914,Up
-0.801216545012,-1.24476885645,-0.910218978102,-0.905352798054,-0.992944038929,-0.969829683698,-0.691240875912,-0.947201946472,6.89444080247,11.6115157124,11.8413892981,12.693234248,8.72366742539,5.08943101214,13.6472589723,4.41629953164,-27.0,-33.0,-46.0,-36.0,-36.0,-20.0,-49.0,-16.0,21.0,28.0,49.0,57.0,32.0,14.0,37.0,12.0,-0.0594589237895,-0.248674742982,1.02848508947,0.0967568250891,0.0798687322385,0.0373111467731,-0.208008,-0.474609,0.950195,0.133789,0.0234375,1.08203,Up
-0.968992248062,-1.0661498708,-0.975452196382,-0.772093023256,-0.97984496124,-0.882170542636,-0.70645994832,-1.00568475452,6.19103817573,8.42057865284,9.17891734542,11.8830694085,7.69593447651,5.39871562761,10.7082098734,4.14757416026,-24.0,-28.0,-48.0,-43.0,-23.0,-15.0,-42.0,-13.0,19.0,23.0,41.0,31.0,34.0,20.0,35.0,9.0,-0.0389073756863,-0.244554244314,1.03357806667,0.101560772427,0.0626800915164,0.0471804192513,-0.172363,-0.416504,0.910645,0.181152,-0.0117188,1.15967,Up
-0.911602753196,-3.49065880039,-0.971583087512,-1.02114060964,-1.09518190757,-1.00786627335,-0.976007866273,-0.960766961652,6.13452335812,18.5203668289,7.21204406339,9.66200376798,6.20629330273,4.45808562168,7.66147407225,2.89883249876,-27.0,-73.0,-28.0,-45.0,-24.0,-15.0,-50.0,-13.0,18.0,85.0,25.0,41.0,29.0,18.0,27.0,11.0,-0.0895776849444,-0.157746266333,1.05184972407,0.0694259448451,0.0471698850561,0.0304416936666,-0.182129,-0.268555,0.903809,0.109863,0.102051,1.10938,Up
-0.918290598291,-1.48256410256,-0.821709401709,-0.999487179487,-1.00085470085,-1.06444444444,-1.00615384615,-0.964957264957,6.46247107275,12.4675567495,10.9403740757,12.4127238545,7.84018945124,5.04302083595,9.96337261401,3.26797606634,-23.0,-31.0,-30.0,-64.0,-25.0,-16.0,-39.0,-13.0,19.0,72.0,57.0,69.0,31.0,13.0,36.0,9.0,-0.0539703926373,-0.251764977745,1.03753467549,0.100822335974,0.0902763319218,0.0552137332139,-0.280273,-0.502441,0.788086,0.189453,0.14209,1.09814,Up
-0.999217527387,-3.16118935837,-1.0234741784,-0.973395931142,-0.998122065728,-0.93661971831,-0.751017214397,-0.952425665102,6.32893295835,30.4063828546,6.56876640087,9.78482032698,6.93922729752,6.45784219677,13.0873065886,3.79973002035,-21.0,-86.0,-26.0,-39.0,-25.0,-17.0,-102.0,-14.0,14.0,107.0,21.0,43.0,29.0,21.0,62.0,16.0,-0.0676886588889,-0.165508556017,1.04526864103,0.138572754766,0.0589354064574,0.0320643327324,-0.22998,-0.387695,0.959961,0.234863,0.126953,1.11035,Up
-0.907568438003,-1.69339774557,-0.985024154589,-0.973913043478,-0.988888888889,-0.88115942029,-0.966666666667,-0.905636070853,6.08942239194,13.5438391476,6.34059165668,10.2388761186,9.04176923628,6.94260232837,10.3856018643,3.36123532373,-24.0,-48.0,-29.0,-37.0,-33.0,-30.0,-42.0,-12.0,18.0,54.0,28.0,67.0,51.0,32.0,46.0,9.0,-0.13335644807,-0.173253769035,1.04041271842,0.110765485067,0.0669815449378,0.0351215641738,-0.316895,-0.341309,0.946777,0.10791,0.050293,1.11182,Up
-0.809523809524,-1.59648033126,-0.981780538302,-0.940372670807,-0.965010351967,-0.948033126294,-0.930641821946,-0.968737060041,6.37782906647,13.2223851156,7.24302319764,11.0775358521,8.1177432968,5.18997809014,9.69543971393,3.70985062903,-24.0,-39.0,-25.0,-46.0,-21.0,-19.0,-32.0,-14.0,21.0,46.0,26.0,27.0,32.0,18.0,31.0,10.0,-0.118534958286,-0.172317295952,1.03805788095,0.120409444773,0.06191806634,0.0381031486737,-0.348633,-0.329102,0.941406,0.0830078,0.0791016,1.1084,Up
-0.818666666667,-1.20952380952,-0.95219047619,-1.0340952381,-1.028,-0.937523809524,-0.893523809524,-0.933333333333,6.44293705607,10.2968752142,7.42635734075,12.570228516,9.66558653433,6.81483803867,12.8388884979,4.09978326243,-23.0,-39.0,-36.0,-66.0,-45.0,-28.0,-37.0,-18.0,21.0,25.0,29.0,54.0,40.0,34.0,50.0,11.0,-0.0790229883218,-0.201255478966,1.04143077586,0.117997210084,0.0512355687872,0.0404955665684,-0.324707,-0.377441,0.902832,0.0761719,-0.0644531,1.11182,Up
